International Financial Statistics (IFS),,,,,,,,,,,,,,,,,,,,,,,,,,,,,,,,,,,,,,,,,,,,,,,,,,,,,,,,,,,,,,,,,,,,,,,,,,,,,,,,,,,,,,,,,,,,,,,,,,,,,,
,,Q1 1998,Q2 1998,Q3 1998,Q4 1998,Q1 1999,Q2 1999,Q3 1999,Q4 1999,Q1 2000,Q2 2000,Q3 2000,Q4 2000,Q1 2001,Q2 2001,Q3 2001,Q4 2001,Q1 2002,Q2 2002,Q3 2002,Q4 2002,Q1 2003,Q2 2003,Q3 2003,Q4 2003,Q1 2004,Q2 2004,Q3 2004,Q4 2004,Q1 2005,Q2 2005,Q3 2005,Q4 2005,Q1 2006,Q2 2006,Q3 2006,Q4 2006,Q1 2007,Q2 2007,Q3 2007,Q4 2007,Q1 2008,Q2 2008,Q3 2008,Q4 2008,Q1 2009,Q2 2009,Q3 2009,Q4 2009,Q1 2010,Q2 2010,Q3 2010,Q4 2010,Q1 2011,Q2 2011,Q3 2011,Q4 2011,Q1 2012,Q2 2012,Q3 2012,Q4 2012,Q1 2013,Q2 2013,Q3 2013,Q4 2013,Q1 2014,Q2 2014,Q3 2014,Q4 2014,Q1 2015,Q2 2015,Q3 2015,Q4 2015,Q1 2016,Q2 2016,Q3 2016,Q4 2016,Q1 2017,Q2 2017,Q3 2017,Q4 2017,Q1 2018,Q2 2018,Q3 2018,Q4 2018,Q1 2019,Q2 2019,Q3 2019,Q4 2019,Q1 2020,Q2 2020,Q3 2020,Q4 2020,Q1 2021,Q2 2021,Q3 2021,Q4 2021,Q1 2022,Q2 2022,Q3 2022,Q4 2022,Q1 2023
Argentina,"National Accounts, Expenditure, Gross Domestic Product, Real, Seasonally Adjusted, Domestic Currency",,,,,,,,,,,,,,,,,,,,,,,,,"118,830.30","117,597.80","123,519.00","125,168.00","128,796.40","131,642.20","132,580.10","135,037.20","138,573.60","140,377.40","144,270.20","147,328.20","150,787.60","154,091.10","156,144.90","160,919.00","162,455.00","163,284.20","164,557.70","156,879.30","151,119.00","147,708.40","153,561.40","156,484.10","161,189.90","168,327.80","169,360.10","171,645.80","175,644.20","177,380.70","178,863.80","178,892.90","176,936.30","170,980.50","176,278.00","179,291.20","179,226.50","180,310.50","181,292.60","179,577.40","176,886.20","175,807.80","174,319.20","175,292.90","177,867.30","181,902.90","181,890.90","179,826.00","178,226.70","175,253.40","175,977.00","177,020.60","178,600.70","180,457.10","182,750.20","184,581.90","183,940.40","175,576.90","175,119.40","172,740.70","172,802.10","174,192.70","174,330.40","171,898.70","164,446.10","139,837.90","156,211.10","163,799.80","169,338.40","167,878.10","173,911.20","178,083.00","179,692.90","181,142.20","183,669.90","180,841.30",
Australia,"National Accounts, Expenditure, Gross Domestic Product, Real, Seasonally Adjusted, Domestic Currency","274,462.00","277,018.00","282,291.00","286,568.00","288,661.00","289,598.00","292,952.00","297,924.00","299,121.00","301,871.00","302,709.00","301,586.00","304,710.00","307,195.00","310,801.00","314,584.00","316,953.00","322,431.00","323,397.00","326,034.00","326,649.00","328,040.00","333,753.00","339,284.00","341,882.00","344,192.00","346,828.00","349,417.00","352,071.00","353,658.00","357,642.00","360,394.00","360,767.00","361,594.00","366,981.00","371,675.00","376,825.00","379,333.00","383,604.00","385,175.00","389,046.00","390,328.00","392,977.00","391,350.00","394,957.00","397,827.00","399,179.00","402,219.00","403,936.00","406,577.00","409,344.00","412,821.00","411,518.00","416,775.00","422,471.00","427,027.00","431,099.00","434,262.00","436,775.00","438,872.00","440,847.00","442,586.00","446,167.00","449,767.00","453,176.00","455,338.00","457,366.00","459,033.00","463,243.00","463,652.00","468,435.00","471,248.00","475,461.00","478,482.00","478,962.00","483,900.00","485,494.00","488,485.00","493,166.00","495,335.00","500,175.00","504,005.00","506,317.00","507,235.00","510,008.00","512,390.00","516,158.00","518,390.00","517,516.00","482,850.00","501,568.00","517,709.00","528,559.00","532,583.00","522,168.00","541,273.00","544,364.00","549,274.00","553,036.00","555,690.00",
Austria,"National Accounts, Expenditure, Gross Domestic Product, Real, Seasonally Adjusted, Domestic Currency","58,489.38","59,071.83","59,497.88","59,716.25","60,106.61","60,893.49","61,905.00","62,079.03","62,654.59","63,151.65","63,504.13","64,319.76","64,173.47","64,123.95","64,149.90","64,385.42","65,030.44","65,373.97","65,521.06","65,305.38","65,736.25","65,858.51","66,026.97","66,132.95","66,785.28","67,293.03","68,066.85","68,299.24","68,180.20","69,046.27","69,509.74","70,122.26","70,946.39","71,066.54","72,018.16","72,636.67","73,460.66","74,209.18","74,445.46","75,077.14","75,690.81","76,296.85","75,805.18","74,089.56","72,771.54","72,198.98","72,470.19","72,950.91","72,624.93","73,558.86","74,268.31","75,117.43","75,720.31","76,031.99","76,405.94","76,380.30","77,041.63","76,713.88","76,540.65","76,479.54","76,421.37","76,418.36","76,794.96","77,089.36","76,934.85","77,410.09","77,324.78","77,508.13","77,654.21","77,791.24","78,269.93","78,455.26","79,071.78","79,254.07","79,649.75","80,415.30","80,662.48","81,192.56","81,747.93","82,204.13","82,842.49","83,007.50","83,417.99","84,386.66","84,829.60","84,436.11","84,919.77","84,473.01","82,394.98","72,975.77","81,261.18","79,848.35","78,837.59","82,092.36","85,577.07","84,930.07","85,620.60","87,396.38","87,478.13","87,447.29",
Belgium,"National Accounts, Expenditure, Gross Domestic Product, Real, Seasonally Adjusted, Domestic Currency","71,011.36","71,247.49","71,455.73","71,615.62","72,363.98","73,354.05","74,419.41","75,300.71","75,836.18","76,381.88","76,736.07","77,486.29","77,529.98","77,543.93","77,396.12","77,318.96","77,983.65","78,651.13","79,072.25","79,367.88","79,158.71","79,327.90","79,652.35","80,206.41","81,408.43","82,191.19","82,907.94","83,203.57","83,641.43","84,142.50","84,475.31","85,123.27","85,646.66","85,950.65","86,707.37","87,691.86","88,934.79","89,341.04","90,030.83","90,396.18","90,786.63","90,844.26","90,313.44","88,354.69","87,494.78","87,536.61","88,642.88","89,354.05","89,817.01","90,702.03","91,080.39","91,540.56","91,981.21","92,171.79","92,435.81","92,705.40","92,904.34","92,903.41","93,129.32","93,086.55","92,830.90","93,372.88","93,662.00","93,866.52","94,269.98","94,520.05","95,172.66","95,670.02","96,167.37","96,813.47","96,998.47","97,402.86","97,458.64","97,994.11","98,166.10","98,669.96","99,313.27","99,553.12","99,488.97","100,286.60","100,660.32","101,115.84","101,510.94","102,502.86","102,766.88","103,327.45","104,079.53","104,707.96","101,700.58","90,108.92","100,679.84","100,149.02","101,515.58","103,268.88","105,668.28","106,270.68","106,874.02","107,455.04","107,681.88","107,799.01",
Brazil,"National Accounts, Expenditure, Gross Domestic Product, Real, Seasonally Adjusted, Domestic Currency","185,423.60","188,546.30","188,539.10","186,365.90","186,714.60","187,671.90","187,698.30","190,348.80","192,370.20","195,065.00","197,358.80","199,764.10","200,551.10","199,551.20","198,499.20","197,943.30","202,753.70","203,422.10","206,178.60","208,250.10","207,320.10","205,614.00","207,538.80","209,673.70","212,561.00","218,486.40","221,228.50","222,898.10","224,740.70","227,399.10","225,949.30","228,758.90","232,555.90","233,273.30","237,066.40","239,858.40","244,467.60","248,538.40","251,018.20","254,906.30","258,028.90","263,449.80","267,633.70","257,541.50","253,880.50","258,508.60","264,576.80","271,364.20","277,040.50","280,504.30","283,015.20","286,993.30","290,934.20","293,824.90","293,209.80","295,733.50","291,664.30","296,892.30","301,983.90","302,049.00","303,570.50","308,054.10","309,418.70","309,844.80","312,449.10","307,853.40","307,729.20","309,308.20","306,807.20","299,583.00","294,748.80","292,437.20","288,059.00","289,107.10","287,561.40","287,046.40","290,123.70","292,480.40","293,255.30","294,605.00","296,456.60","296,393.30","299,185.70","298,137.60","299,086.20","301,057.50","301,285.60","303,240.90","296,540.70","270,705.10","292,228.90","302,078.10","305,247.10","304,321.40","305,267.20","308,506.20","312,619.10","315,439.20","316,316.50","315,617.40",
Bulgaria,"National Accounts, Expenditure, Gross Domestic Product, Real, Seasonally Adjusted, Domestic Currency","12,934.58","12,089.55","12,183.24","12,002.57","11,723.49","11,413.83","11,317.96","10,702.34","11,781.65","11,891.39","11,991.36","12,100.06","12,195.71","12,314.79","12,476.13","12,642.16","12,840.41","13,039.31","13,232.61","13,368.91","13,556.64","13,691.97","13,855.17","14,131.57","14,308.55","14,588.28","14,890.99","15,100.72","15,414.81","15,631.53","15,837.05","16,098.37","16,350.12","16,634.37","16,983.48","17,262.48","17,511.53","17,849.95","18,080.52","18,465.24","18,766.43","18,989.70","19,206.24","19,305.31","18,452.01","18,469.22","18,629.06","18,055.75","18,314.87","18,615.88","18,758.83","18,942.73","18,955.67","19,138.08","19,157.36","19,140.28","19,265.30","19,217.45","19,172.43","19,113.60","19,060.32","19,024.55","19,100.02","19,129.10","19,122.62","19,243.62","19,321.12","19,494.39","19,691.13","19,833.88","20,049.55","20,179.24","20,337.03","20,490.92","20,592.12","20,785.90","20,910.54","21,055.21","21,199.09","21,330.63","21,429.44","21,615.62","21,836.74","22,029.50","22,305.61","22,556.04","22,598.33","22,860.68","21,995.91","20,933.06","21,684.60","22,078.79","22,685.94","22,979.91","23,417.65","23,758.72","23,856.05","24,040.67","24,193.87",,
Canada,"National Accounts, Expenditure, Gross Domestic Product, Real, Seasonally Adjusted, Domestic Currency","324,449.50","324,622.80","327,577.50","332,034.80","338,057.30","340,885.30","346,219.00","351,089.30","356,705.80","360,945.50","364,616.30","365,240.50","367,175.00","368,164.50","367,919.30","370,159.30","375,653.30","377,867.30","381,137.50","383,228.50","385,349.00","384,780.80","386,218.50","388,883.30","391,684.30","396,336.80","401,015.30","403,896.30","405,294.00","408,234.50","413,179.80","417,265.00","420,649.00","420,866.30","422,041.50","423,723.80","426,434.00","430,565.80","432,373.50","432,864.80","433,196.50","434,763.30","438,328.50","433,246.00","423,456.00","418,835.00","420,719.50","425,625.80","430,760.30","433,014.30","436,083.00","440,956.30","444,287.00","445,152.50","451,294.00","454,848.00","455,139.50","456,624.00","457,246.00","458,191.50","462,301.50","464,984.50","468,774.00","473,698.80","474,473.00","478,806.50","483,398.50","486,743.50","484,068.80","482,751.30","484,458.80","484,821.50","487,480.80","485,083.80","490,086.00","492,837.80","498,194.50","503,291.30","505,414.50","508,032.50","512,479.00","516,502.50","520,067.00","521,839.80","522,209.00","527,369.00","529,341.50","531,071.80","519,768.80","462,967.00","504,717.00","515,470.00","522,217.00","519,143.30","526,571.50","535,373.50","538,544.30","543,293.00","546,423.00","546,477.50",
Chile,"National Accounts, Expenditure, Gross Domestic Product, Real, Seasonally Adjusted, Domestic Currency","22,825,628.90","23,212,833.20","23,056,914.00","22,310,621.50","22,314,903.80","22,375,787.10","22,847,809.50","23,449,635.20","23,671,182.80","23,723,660.40","24,092,776.80","24,375,535.90","24,545,366.80","24,783,147.20","24,724,883.20","24,879,314.90","25,087,662.90","25,291,740.60","25,567,252.90","25,938,818.00","26,307,422.30","26,585,932.80","26,761,193.90","26,906,406.20","27,473,126.50","28,001,274.00","28,734,395.40","29,200,542.30","29,233,578.00","29,719,078.10","30,441,643.50","30,807,653.00","31,086,268.50","31,731,555.10","32,163,532.90","32,850,170.10","33,187,233.00","33,524,647.90","33,616,815.60","34,248,724.40","34,970,442.90","35,004,965.90","34,719,712.80","34,440,898.10","34,273,389.80","34,073,795.70","34,481,452.10","34,905,582.40","35,018,501.50","36,206,825.50","37,056,738.00","37,497,663.30","37,934,756.90","38,479,805.10","38,726,610.30","39,568,859.20","40,382,123.50","41,130,619.50","41,450,259.70","41,696,323.50","42,055,734.20","42,405,489.20","42,670,655.40","42,801,648.40","42,934,325.40","43,263,004.40","43,090,906.80","43,561,826.20","43,843,797.00","44,232,210.00","44,108,257.30","44,384,517.50","44,906,852.90","44,692,016.10","44,993,372.70","44,894,172.00","44,650,482.60","45,187,999.80","46,076,069.40","46,378,834.80","46,878,468.30","47,502,671.70","47,323,416.10","47,920,722.00","47,757,534.80","48,299,014.30","48,380,795.90","46,437,791.30","47,690,642.70","41,341,696.50","43,363,500.90","46,261,487.30","48,323,659.20","48,757,036.50","50,872,378.30","52,000,746.60","51,781,500.30","51,425,398.90","50,850,473.60","50,880,070.70",
"China, P.R.: Hong Kong","National Accounts, Expenditure, Gross Domestic Product, Real, Seasonally Adjusted, Domestic Currency","358,960.00","352,982.00","347,350.00","344,244.00","347,854.00","355,524.00","362,633.00","372,707.00","383,741.00","384,300.00","389,057.00","391,876.00","390,576.00","390,011.00","389,712.00","387,362.00","387,637.00","393,570.00","399,756.00","402,503.00","402,172.00","392,392.00","416,462.00","420,837.00","432,859.00","440,670.00","445,684.00","454,623.00","459,523.00","473,882.00","482,835.00","488,651.00","499,454.00","504,487.00","513,443.00","521,470.00","528,512.00","537,138.00","547,591.00","557,421.00","565,034.00","558,434.00","552,217.00","541,166.00","522,593.00","541,175.00","543,974.00","554,594.00","565,011.00","574,757.00","579,746.00","589,162.00","605,316.00","602,959.00","604,227.00","607,330.00","608,422.00","612,118.00","616,839.00","623,597.00","628,820.00","631,638.00","635,447.00","641,400.00","647,235.00","646,219.00","655,729.00","658,212.00","662,390.00","666,504.00","670,099.00","670,660.00","668,782.00","678,614.00","686,312.00","694,022.00","698,120.00","704,488.00","710,392.00","718,277.00","728,582.00","727,768.00","728,951.00","726,579.00","731,800.00","727,568.00","703,237.00","700,577.00","666,646.00","657,698.00","674,816.00","676,633.00","723,094.00","706,122.00","711,312.00","707,799.00","694,997.00","696,774.00","678,327.00","678,337.00",
Colombia,"National Accounts, Expenditure, Gross Domestic Product, Real, Seasonally Adjusted, Domestic Currency",,,,,,,,,,,,,,,,,,,,,,,,,,,,,"126,602,353.10","128,496,954.50","128,724,948.60","131,028,744.00","134,073,128.90","136,100,118.70","138,573,753.70","140,687,998.60","143,136,004.00","145,356,362.80","148,030,622.90","149,934,010.30","150,432,908.70","151,572,955.60","153,201,030.70","150,506,105.00","151,093,334.60","152,636,943.20","153,813,190.20","155,072,532.10","156,786,855.10","159,292,780.70","160,276,162.60","163,795,201.60","167,143,462.80","169,797,967.20","173,054,773.20","174,631,796.80","176,034,798.70","178,367,222.60","177,357,302.00","179,655,676.70","182,324,033.30","186,845,041.70","187,903,713.10","190,866,211.80","193,325,352.00","194,347,203.40","195,868,189.50","198,048,255.10","198,922,335.30","200,984,480.00","202,438,160.80","202,347,023.90","203,711,301.40","204,840,830.80","205,731,717.60","207,205,150.20","206,742,441.10","207,804,243.30","208,379,055.20","209,730,260.40","211,310,205.40","212,382,962.80","214,266,609.90","216,048,221.90","217,911,760.10","219,682,856.50","220,729,905.00","222,899,478.40","218,217,393.00","183,119,852.30","200,652,795.10","215,324,959.60","223,432,682.10","217,211,490.30","227,272,549.00","239,435,278.60","240,804,667.70","243,553,915.90","244,686,639.00","246,319,848.90",
Costa Rica,"National Accounts, Expenditure, Gross Domestic Product, Real, Seasonally Adjusted, Domestic Currency","3,897,529.90","3,897,512.10","3,925,348.10","4,026,009.20","4,009,959.50","4,088,631.50","4,126,276.60","4,193,748.70","4,231,405.10","4,237,645.60","4,274,974.70","4,310,558.80","4,372,997.90","4,381,411.20","4,436,990.80","4,457,813.20","4,480,276.70","4,561,986.60","4,598,273.90","4,616,013.60","4,674,608.00","4,731,927.90","4,792,497.20","4,843,808.70","4,894,789.10","4,961,097.40","4,981,925.80","5,048,209.30","5,070,895.20","5,120,279.40","5,206,841.70","5,282,619.20","5,348,792.10","5,482,124.80","5,601,147.50","5,767,414.60","5,831,947.40","5,983,886.60","6,051,461.10","6,164,024.30","6,294,768.40","6,288,790.80","6,323,997.00","6,257,523.50","6,101,562.30","6,193,312.80","6,270,711.40","6,370,586.80","6,447,023.50","6,524,643.30","6,630,502.50","6,673,194.80","6,708,563.10","6,863,009.80","6,885,834.80","6,977,084.90","7,122,237.10","7,156,476.60","7,199,217.30","7,288,931.10","7,309,211.20","7,288,343.80","7,423,816.00","7,467,982.00","7,562,350.60","7,587,713.90","7,650,521.80","7,730,439.40","7,745,856.20","7,915,572.30","8,014,644.40","7,975,436.00","8,172,011.90","8,145,067.80","8,285,565.20","8,371,577.30","8,412,884.90","8,598,986.60","8,594,129.60","8,739,967.20","8,776,805.00","8,872,268.20","8,826,845.70","8,767,782.20","8,901,001.30","9,033,214.70","9,048,824.10","9,097,931.50","9,051,533.30","8,344,672.10","8,433,977.10","8,693,405.00","9,012,512.30","9,208,346.80","9,489,216.70","9,524,379.90","9,590,792.70","9,659,784.10","9,727,172.90","9,864,187.90",
"Croatia, Rep. of","National Accounts, Expenditure, Gross Domestic Product, Real, Seasonally Adjusted, Domestic Currency","8,297.21","8,345.47","8,452.94","8,565.37","8,280.97","8,412.90","8,326.72","8,363.19","8,589.51","8,508.43","8,604.94","8,665.91","8,744.14","8,825.36","8,894.48","8,958.79","9,147.90","9,278.48","9,459.17","9,580.97","9,714.49","9,872.80","9,939.37","10,029.00","10,182.33","10,225.91","10,306.99","10,494.31","10,363.29","10,752.86","10,858.38","10,990.03","11,040.87","11,194.21","11,348.99","11,491.48","11,745.81","11,833.19","11,858.40","11,856.66","12,177.15","12,237.65","12,046.93","11,761.74","11,193.16","11,241.42","11,120.44","11,204.39","11,091.57","10,977.37","11,146.37","11,009.67","10,968.93","11,136.77","11,089.07","11,011.79","10,880.31","10,782.70","10,815.41","10,728.77","10,789.18","10,799.38","10,740.46","10,709.27","10,677.02","10,734.16","10,692.96","10,746.23","10,814.00","10,946.81","11,138.50","10,997.83","11,276.82","11,312.70","11,369.32","11,525.05","11,672.00","11,668.69","11,822.06","11,859.04","11,866.65","12,099.77","12,154.19","12,213.35","12,462.36","12,524.53","12,515.24","12,514.61","12,375.33","10,547.04","11,155.77","11,814.67","12,660.54","12,725.30","13,026.65","13,293.85","13,616.07","13,797.02","13,729.64","13,854.08",
Cyprus,"National Accounts, Expenditure, Gross Domestic Product, Real, Seasonally Adjusted, Domestic Currency","3,075.10","3,107.10","3,172.20","3,202.40","3,250.10","3,268.50","3,300.40","3,365.40","3,416.20","3,522.60","3,495.70","3,536.30","3,555.90","3,582.40","3,684.60","3,699.90","3,702.20","3,771.30","3,752.80","3,837.20","3,828.40","3,799.90","3,890.90","3,939.60","3,993.30","4,018.90","4,087.90","4,135.60","4,195.80","4,217.10","4,283.90","4,327.00","4,378.60","4,445.30","4,470.90","4,531.40","4,618.60","4,643.00","4,695.70","4,777.50","4,848.10","4,872.10","4,866.60","4,831.60","4,767.70","4,742.90","4,739.50","4,776.80","4,833.60","4,835.50","4,885.10","4,906.80","4,915.50","4,933.10","4,835.70","4,857.70","4,835.50","4,742.40","4,689.80","4,600.60","4,486.70","4,378.90","4,384.80","4,375.10","4,341.50","4,318.80","4,318.20","4,333.90","4,390.00","4,433.90","4,496.40","4,583.90","4,681.90","4,713.80","4,787.10","4,898.50","4,974.50","4,997.80","5,067.70","5,135.30","5,259.40","5,277.90","5,341.70","5,436.00","5,536.00","5,596.30","5,656.60","5,704.50","5,657.80","5,001.60","5,326.10","5,524.70","5,626.40","5,645.90","5,777.00","5,888.60","6,003.20","5,990.00","6,085.70","6,150.90",
Czech Rep.,"National Accounts, Expenditure, Gross Domestic Product, Real, Seasonally Adjusted, Domestic Currency","689,183.01","691,071.98","691,309.51","691,760.15","691,903.80","695,091.20","701,475.38","709,368.30","718,774.64","725,633.88","735,057.13","738,553.41","747,313.82","749,045.06","752,280.34","757,853.36","756,365.28","760,158.24","765,000.83","770,072.50","778,202.01","786,387.85","794,845.01","801,307.12","809,846.91","819,844.73","831,747.47","847,289.21","861,847.02","875,009.71","888,076.63","904,499.95","921,140.14","939,052.47","950,432.27","963,254.16","979,736.62","987,687.74","1,001,573.35","1,014,632.76","1,019,405.87","1,026,753.32","1,029,296.66","1,008,960.22","975,170.99","971,449.38","976,098.57","976,768.91","983,485.45","995,488.65","1,002,786.34","1,007,281.56","1,013,053.61","1,016,283.26","1,014,398.98","1,015,447.68","1,013,724.89","1,008,289.88","1,004,649.96","1,003,419.13","999,156.74","1,002,824.83","1,007,133.22","1,019,296.03","1,013,713.62","1,023,189.44","1,035,353.19","1,047,223.08","1,067,060.99","1,081,552.15","1,094,642.55","1,101,139.39","1,102,872.51","1,106,527.46","1,116,446.41","1,125,058.49","1,143,624.26","1,171,984.12","1,181,777.27","1,191,388.28","1,197,841.94","1,205,049.50","1,213,636.23","1,222,602.25","1,233,752.04","1,242,058.99","1,250,400.68","1,256,445.00","1,215,703.58","1,108,129.13","1,185,179.67","1,198,697.24","1,192,761.82","1,209,339.11","1,229,870.83","1,240,323.99","1,248,353.98","1,251,791.12","1,247,814.14","1,243,278.56",
Denmark,"National Accounts, Expenditure, Gross Domestic Product, Real, Seasonally Adjusted, Domestic Currency","390,920.60","387,968.30","395,096.50","396,363.80","399,955.00","402,020.30","404,505.00","410,163.20","414,162.70","418,877.60","420,034.70","424,141.80","419,536.80","421,584.90","425,370.00","424,531.10","424,388.60","424,346.50","425,789.50","424,384.30","426,658.60","422,690.60","424,142.40","432,044.10","434,124.90","436,709.60","437,738.60","442,470.00","440,863.90","449,544.10","450,044.60","451,506.00","457,179.90","470,814.90","467,675.40","466,407.90","467,953.10","465,857.20","470,234.00","474,964.50","474,767.10","470,386.50","467,638.80","456,595.60","450,096.20","441,371.80","442,897.90","443,299.80","447,128.00","450,184.20","457,321.30","456,292.10","457,286.10","461,869.60","456,125.30","459,852.70","459,533.30","459,879.10","460,310.90","459,566.90","462,158.10","462,501.40","465,430.80","466,366.80","467,547.90","467,209.20","475,029.70","476,733.60","479,997.70","482,243.00","483,697.70","484,775.50","490,360.40","496,993.20","501,209.60","504,820.80","508,124.30","513,804.00","511,919.50","515,784.30","518,425.40","521,031.00","524,168.30","526,785.70","525,636.50","530,920.00","533,348.00","531,725.80","529,455.40","497,069.20","525,429.20","527,358.60","530,984.80","541,808.00","545,543.00","561,941.80","557,995.60","565,519.00","565,488.90","570,321.30",
Ecuador,"National Accounts, Expenditure, Gross Domestic Product, Real, Seasonally Adjusted, Domestic Currency",,,,,,,,,"9,134.59","9,320.41","9,548.49","9,722.92","9,699.36","9,802.41","9,809.48","9,930.10","10,063.57","10,205.82","10,274.21","10,305.40","10,440.09","10,240.79","10,464.38","10,816.00","11,091.41","11,282.55","11,403.29","11,629.46","11,771.81","11,936.39","11,951.92","12,149.19","12,278.12","12,447.03","12,593.00","12,596.48","12,548.69","12,641.37","12,821.50","12,996.22","13,203.59","13,437.96","13,689.24","13,919.63","13,721.20","13,663.73","13,579.51","13,593.30","13,729.82","13,946.26","14,175.89","14,629.09","14,790.36","15,176.74","15,409.10","15,548.86","15,798.59","16,072.84","16,196.96","16,294.04","16,458.71","16,802.24","17,131.62","17,153.56","17,096.08","17,494.06","17,736.02","17,779.20","17,816.05","17,537.77","17,492.23","17,328.63","17,204.63","17,328.10","17,310.91","17,470.43","17,497.94","17,685.97","17,819.41","17,952.38","17,762.56","17,943.19","18,080.83","18,083.93","17,970.65","18,009.17","18,075.35","17,824.05","17,647.25","15,504.94","16,454.34","16,675.02","16,929.41","17,298.70","17,367.30","17,493.34","17,604.24","17,626.40","17,920.55",,
El Salvador,"National Accounts, Expenditure, Gross Domestic Product, Real, Seasonally Adjusted, Domestic Currency",,,,,,,,,,,,,,,,,,,,,,,,,,,,,81.16,83.99,83.53,83.41,85.68,85.61,86.74,88.49,85.39,87.12,89.40,91.05,90.29,90.48,90.45,89.25,88.07,88.65,88.28,87.97,,,,,,,,,,,,,,,,,,,,,,,,,,,,,,,,,,,,,,,,,,,,,,,,,,,,,
Euro Area,"National Accounts, Expenditure, Gross Domestic Product, Real, Seasonally Adjusted, Domestic Currency","1,971,616.48","1,980,272.34","1,992,227.68","1,994,693.24","2,016,830.10","2,025,941.64","2,048,920.57","2,072,546.33","2,098,295.60","2,117,550.15","2,129,362.22","2,143,909.49","2,165,296.30","2,167,192.92","2,168,981.35","2,171,237.12","2,174,267.04","2,185,542.95","2,193,429.03","2,198,723.26","2,191,718.27","2,193,684.66","2,205,017.93","2,221,283.98","2,232,528.10","2,246,218.10","2,251,272.48","2,260,212.09","2,264,911.08","2,278,850.21","2,295,548.75","2,310,219.29","2,330,389.96","2,356,122.32","2,370,127.61","2,397,943.87","2,412,332.98","2,429,752.03","2,440,718.93","2,453,144.23","2,465,827.05","2,457,504.47","2,444,516.64","2,400,002.71","2,325,756.28","2,325,179.59","2,334,538.45","2,344,416.64","2,354,777.18","2,377,613.46","2,387,550.38","2,401,656.58","2,423,501.62","2,422,956.85","2,426,659.19","2,416,382.66","2,411,188.25","2,404,825.52","2,402,442.98","2,391,754.53","2,383,804.17","2,396,074.45","2,403,355.71","2,410,274.45","2,420,256.68","2,424,976.48","2,436,953.89","2,445,625.89","2,461,221.50","2,472,560.13","2,482,866.32","2,494,339.66","2,508,203.87","2,514,069.05","2,526,057.94","2,545,183.51","2,562,565.84","2,582,778.14","2,602,821.55","2,623,881.79","2,623,789.68","2,637,941.15","2,638,170.71","2,655,228.90","2,671,907.82","2,680,289.41","2,685,849.73","2,686,273.13","2,595,912.68","2,298,678.56","2,582,590.98","2,575,815.71","2,574,216.22","2,625,345.62","2,684,432.65","2,698,799.88","2,715,298.36","2,736,887.95","2,745,602.55",,
Finland,"National Accounts, Expenditure, Gross Domestic Product, Real, Seasonally Adjusted, Domestic Currency","34,928.99","35,633.91","36,081.52","36,401.37","37,001.76","37,198.32","37,396.66","37,715.62","38,840.46","39,139.76","39,752.66","40,175.26","40,371.81","40,420.06","40,675.58","40,561.22","40,826.57","41,230.41","41,133.92","41,602.08","41,308.14","41,902.27","42,403.49","42,481.22","43,023.54","43,393.42","43,864.27","44,524.52","44,964.98","44,427.13","45,070.41","45,199.96","46,327.48","46,440.94","46,882.30","47,250.40","48,163.49","49,029.24","49,479.53","50,132.63","50,070.98","49,668.94","49,840.48","48,771.03","45,611.83","45,412.60","45,832.51","45,478.71","45,934.36","47,203.05","47,009.17","47,996.42","48,264.45","48,180.47","48,239.44","48,252.84","48,041.99","47,533.62","47,350.46","47,313.83","46,908.21","47,124.42","47,288.82","47,203.94","46,839.42","46,915.36","47,096.73","46,984.15","46,618.74","47,328.13","47,323.66","47,589.01","48,176.00","48,251.05","48,796.05","48,946.15","49,445.58","50,075.45","50,262.18","50,587.39","50,743.74","50,670.48","50,614.20","50,624.02","50,977.82","51,412.04","51,418.29","51,324.48","51,203.86","47,995.53","50,345.27","50,755.36","50,698.18","51,427.22","51,896.28","52,382.31","52,493.10","52,823.67","52,748.62","52,443.96",
France,"National Accounts, Expenditure, Gross Domestic Product, Real, Seasonally Adjusted, Domestic Currency","405,418.04","408,677.23","411,690.15","414,403.09","418,823.39","419,985.47","424,655.91","430,713.54","435,173.94","439,678.10","442,723.59","446,344.12","448,541.42","449,124.39","450,343.57","450,050.25","452,588.89","454,442.53","455,552.44","456,598.87","457,028.03","456,095.99","459,158.96","462,261.54","466,755.85","469,496.42","470,765.74","474,311.20","475,380.63","476,704.34","479,340.95","482,539.95","486,233.42","491,293.51","491,700.74","495,254.32","498,843.25","502,249.88","504,616.55","505,565.69","507,996.89","505,231.60","504,400.71","496,781.21","488,301.75","488,238.85","489,133.21","492,588.05","494,261.51","496,677.93","499,850.56","503,156.61","508,362.19","507,888.69","510,458.34","511,339.46","511,455.31","510,718.04","511,949.97","511,310.48","511,680.71","515,097.28","514,670.92","517,989.34","518,020.93","518,525.94","521,498.76","521,261.48","523,977.31","524,604.44","525,807.67","526,844.35","530,091.65","528,520.03","530,075.81","533,182.35","537,084.51","541,424.43","546,027.24","549,308.17","549,666.03","552,128.93","554,222.18","557,478.67","561,168.66","565,084.16","565,199.51","563,750.20","532,280.26","460,027.62","544,781.50","539,801.79","540,109.90","545,867.83","564,121.88","567,390.83","566,103.05","568,945.35","569,903.58","570,331.67",
Germany,"National Accounts, Expenditure, Gross Domestic Product, Real, Seasonally Adjusted, Domestic Currency","562,015.13","559,575.51","562,224.20","559,924.03","566,389.09","566,389.12","572,731.91","577,401.87","585,661.76","590,401.72","590,122.90","588,380.24","600,282.03","600,003.23","598,748.57","598,260.63","595,193.71","597,772.70","600,560.85","599,794.14","590,924.52","591,551.82","596,082.38","597,755.20","596,709.80","599,776.65","598,522.07","597,964.42","597,981.86","601,188.18","606,276.49","609,134.32","614,989.39","625,584.23","630,463.43","640,012.76","640,413.70","645,780.70","649,126.36","653,308.44","657,490.62","655,887.51","651,705.42","641,319.92","611,277.82","612,253.61","615,668.97","620,199.54","625,235.72","639,315.67","644,543.44","649,771.17","662,370.04","662,997.35","668,852.28","666,691.55","668,085.67","669,479.62","671,361.60","668,364.45","665,314.95","672,424.61","676,188.56","678,140.29","684,744.70","684,744.70","688,229.73","693,805.87","690,251.34","695,339.50","698,476.05","701,542.92","707,432.85","710,569.56","712,381.86","714,960.95","723,569.40","729,703.10","735,070.15","741,761.48","737,457.49","742,685.22","736,830.15","742,685.26","748,000.12","746,745.39","747,581.87","749,533.61","738,869.51","668,816.30","729,041.17","733,571.95","722,802.76","736,743.05","742,528.23","742,319.17","748,244.10","749,010.81","752,565.58","749,289.58",
Greece,"National Accounts, Expenditure, Gross Domestic Product, Real, Seasonally Adjusted, Domestic Currency","45,772.70","45,975.16","46,135.69","46,499.24","46,853.71","47,290.96","47,471.98","48,231.03","48,414.14","48,860.52","49,773.43","50,479.68","51,104.56","50,969.86","51,796.39","51,933.60","52,357.92","53,529.85","53,838.75","54,253.85","55,383.39","56,364.33","56,717.91","57,930.08","58,989.36","58,978.40","59,765.44","59,537.53","59,187.40","59,328.15","60,153.32","60,454.69","62,424.44","62,616.12","62,915.07","64,514.96","64,008.33","65,872.08","65,461.62","65,137.01","65,535.39","65,116.14","65,052.66","64,143.86","61,098.45","62,795.06","62,339.52","62,419.45","58,882.78","56,732.43","54,860.30","54,444.56","52,327.22","51,394.88","50,357.06","48,112.81","47,968.89","47,139.85","46,434.46","46,017.61","45,633.07","45,639.25","45,690.22","45,977.10","45,903.63","45,866.42","46,349.92","45,886.11","46,147.74","46,095.77","45,193.29","45,983.52","45,583.33","45,433.64","45,610.07","45,916.24","45,814.84","46,054.99","46,521.17","46,085.83","46,655.93","46,818.46","46,767.48","47,071.86","47,455.93","47,947.79","47,756.97","47,627.62","46,703.22","40,466.19","42,625.67","44,378.11","45,736.82","46,341.86","48,003.57","48,280.69","49,332.79","49,622.52","49,355.06",,
Honduras,"National Accounts, Expenditure, Gross Domestic Product, Real, Seasonally Adjusted, Domestic Currency",,,,,,,,,"26,321.90","26,486.40","26,847.10","26,998.80","27,221.50","27,340.80","27,197.80","27,798.90","27,612.40","28,394.60","29,017.80","28,647.00","29,101.60","29,391.70","29,748.30","30,598.90","31,075.70","31,578.80","31,346.60","32,246.00","32,633.00","33,385.50","33,712.90","34,154.70","34,971.70","35,141.90","35,741.60","36,823.20","37,219.80","37,922.60","38,062.50","38,302.80","39,343.00","40,318.20","39,505.60","38,752.40","38,361.40","38,483.40","38,249.00","38,985.50","39,385.00","39,932.20","39,783.90","40,726.60","41,048.20","40,978.30","42,036.30","41,895.50","42,875.50","43,087.30","43,426.00","43,421.50","43,753.70","44,519.30","44,588.20","44,773.10","45,382.30","45,954.40","45,830.10","45,899.80","46,916.30","47,156.30","47,688.30","48,335.50","48,492.30","49,299.60","49,225.70","50,479.20","51,194.40","51,396.20","52,106.90","52,363.90","52,825.00","53,711.10","53,845.40","54,641.50","54,606.30","54,612.10","55,440.20","56,069.10","53,517.70","44,626.90","50,948.60","51,846.60","54,768.20","56,048.00","57,538.40","57,771.30","58,182.20","58,515.50","59,030.50",,
Hungary,"National Accounts, Expenditure, Gross Domestic Product, Real, Seasonally Adjusted, Domestic Currency","5,090,061.74","5,167,654.65","5,214,719.11","5,216,751.38","5,219,864.68","5,273,618.30","5,373,067.01","5,432,648.26","5,478,333.78","5,538,044.83","5,586,854.10","5,694,276.83","5,732,859.43","5,778,639.90","5,831,067.71","5,874,175.65","6,009,164.23","6,040,392.16","6,095,741.63","6,170,736.06","6,217,679.44","6,282,667.59","6,357,556.61","6,422,442.84","6,521,991.73","6,598,301.51","6,678,285.58","6,702,590.04","6,771,066.06","6,900,533.63","6,951,907.41","7,030,844.42","7,086,781.87","7,187,340.36","7,226,172.97","7,296,695.19","7,204,701.32","7,195,832.68","7,233,046.79","7,256,068.13","7,321,615.51","7,365,648.57","7,350,617.80","7,093,665.27","6,801,084.91","6,804,546.65","6,803,190.35","6,800,381.94","6,803,352.37","6,857,386.48","6,913,565.23","6,910,789.92","6,974,589.01","6,968,909.47","6,984,499.48","7,073,308.62","6,948,193.92","6,903,324.62","6,927,359.91","6,918,212.53","6,931,414.86","6,998,889.12","7,107,974.77","7,170,615.31","7,225,898.57","7,321,733.98","7,391,460.89","7,433,116.72","7,556,043.23","7,564,915.34","7,622,198.64","7,700,680.94","7,661,206.34","7,760,846.70","7,802,423.25","7,871,659.74","7,980,612.99","8,077,779.43","8,152,853.13","8,272,288.28","8,416,357.17","8,491,212.22","8,621,391.48","8,710,107.41","8,877,656.70","8,906,941.22","9,032,151.74","9,084,772.93","9,027,669.08","7,730,980.29","8,648,590.59","8,786,543.51","8,878,684.60","9,081,404.40","9,220,898.29","9,444,576.67","9,577,882.29","9,637,828.53","9,566,252.29","9,524,184.43",
India,"National Accounts, Expenditure, Gross Domestic Product, Real, Seasonally Adjusted, Domestic Currency","8,527,800.00","8,639,500.00","8,796,300.00","8,911,600.00","9,056,400.00","9,290,200.00","9,405,900.00","9,561,200.00","9,761,900.00","9,775,100.00","9,904,900.00","9,909,000.00","9,962,600.00","10,169,900.00","10,295,700.00","10,532,100.00","10,617,100.00","10,683,300.00","10,746,800.00","10,755,200.00","10,997,300.00","11,275,900.00","11,572,600.00","11,952,600.00","11,996,200.00","12,281,500.00","12,575,900.00","12,819,500.00","13,043,900.00","13,457,000.00","13,644,300.00","13,989,200.00","14,339,700.00","14,545,700.00","15,026,100.00","15,283,200.00","15,710,200.00","16,106,100.00","16,395,100.00","16,948,700.00","17,051,400.00","17,229,400.00","17,379,400.00","17,400,700.00","17,079,400.00","18,070,700.00","18,532,200.00","18,926,300.00","19,418,400.00","19,885,000.00","20,472,700.00","20,947,900.00","21,331,400.00","21,589,900.00","21,589,000.00","21,940,700.00","22,243,700.00","22,501,200.00","22,904,900.00","23,176,800.00","23,547,300.00","23,877,900.00","24,260,200.00","24,794,200.00","25,081,500.00","25,655,800.00","26,124,200.00","26,525,000.00","26,971,700.00","27,549,400.00","28,058,000.00","28,628,300.00","29,459,200.00","29,983,900.00","30,671,000.00","31,089,300.00","31,337,900.00","31,983,000.00","32,510,100.00","33,120,900.00","33,831,900.00","34,274,900.00","34,754,400.00","35,268,000.00","35,631,800.00","36,146,400.00","36,350,000.00","36,405,500.00","36,444,400.00","28,221,500.00","34,596,500.00","36,776,500.00","37,276,700.00","34,452,000.00","37,678,000.00","38,408,900.00","38,719,400.00","39,097,400.00","39,748,300.00","40,023,200.00",
Indonesia,"National Accounts, Expenditure, Gross Domestic Product, Real, Seasonally Adjusted, Domestic Currency",,,,,,,,,"1,012,908,500.00","1,007,085,100.00","1,031,621,800.00","1,061,287,200.00","1,053,724,500.00","1,064,503,000.00","1,064,723,800.00","1,079,803,500.00","1,092,967,400.00","1,107,016,700.00","1,121,225,600.00","1,133,346,900.00","1,148,138,300.00","1,161,156,600.00","1,173,320,800.00","1,184,885,000.00","1,198,807,300.00","1,213,143,900.00","1,227,905,800.00","1,262,459,900.00","1,272,698,700.00","1,287,273,700.00","1,301,458,200.00","1,319,954,100.00","1,337,393,600.00","1,354,469,300.00","1,376,301,900.00","1,398,245,400.00","1,420,985,900.00","1,444,669,500.00","1,467,445,700.00","1,480,154,000.00","1,512,683,700.00","1,535,344,400.00","1,556,279,500.00","1,558,539,400.00","1,579,727,000.00","1,599,830,300.00","1,624,632,400.00","1,648,420,100.00","1,675,325,200.00","1,703,323,300.00","1,728,883,700.00","1,756,600,900.00","1,782,068,600.00","1,807,989,300.00","1,835,359,200.00","1,862,218,300.00","1,890,404,800.00","1,918,628,200.00","1,945,557,300.00","1,972,493,200.00","2,000,036,700.00","2,025,699,100.00","2,052,332,600.00","2,078,429,400.00","2,102,999,400.00","2,129,184,000.00","2,154,005,100.00","2,178,678,000.00","2,205,384,400.00","2,230,911,500.00","2,258,571,300.00","2,287,649,900.00","2,315,193,400.00","2,344,427,400.00","2,373,202,600.00","2,401,790,000.00","2,431,918,700.00","2,462,326,100.00","2,493,378,900.00","2,525,304,400.00","2,557,708,600.00","2,589,775,300.00","2,622,595,600.00","2,655,772,500.00","2,688,614,900.00","2,722,041,000.00","2,754,557,800.00","2,783,941,700.00","2,765,701,700.00","2,573,625,100.00","2,659,843,900.00","2,723,828,600.00","2,751,079,100.00","2,757,513,900.00","2,760,520,300.00","2,850,964,700.00","2,881,679,800.00","2,908,207,000.00","2,928,593,000.00","2,991,918,000.00",
Ireland,"National Accounts, Expenditure, Gross Domestic Product, Real, Seasonally Adjusted, Domestic Currency","25,477.16","26,137.18","27,106.71","26,459.75","27,951.97","28,271.12","29,410.63","30,096.59","30,382.26","31,180.21","31,854.13","32,196.97","32,701.61","33,079.47","32,909.92","33,540.15","34,192.81","34,354.16","35,023.88","35,576.94","35,482.93","35,706.78","35,667.97","37,923.69","37,711.75","38,517.77","38,105.04","39,464.91","40,043.17","40,995.72","40,217.63","41,802.99","42,619.29","42,690.90","42,950.49","43,350.30","45,737.84","45,225.64","44,031.26","45,678.58","44,530.22","43,800.23","43,257.07","41,272.42","41,320.83","41,333.93","40,872.22","39,435.14","41,147.17","41,427.25","41,473.00","40,733.39","42,101.90","42,597.18","41,992.56","41,926.17","41,919.84","42,458.98","42,035.56","42,054.18","41,716.78","42,412.47","43,735.66","43,229.72","44,875.42","46,265.12","47,076.22","46,962.25","56,835.96","55,359.59","57,317.43","57,962.19","55,907.62","56,670.03","56,899.92","63,131.39","60,427.34","61,488.16","64,726.93","68,049.36","67,887.88","69,364.93","69,602.08","70,310.81","71,420.79","72,591.30","73,896.39","74,835.04","76,839.75","72,545.55","81,889.58","77,991.88","85,110.57","86,738.92","90,009.65","88,872.88","95,261.43","97,434.38","100,206.02","100,511.20",
Israel,"National Accounts, Expenditure, Gross Domestic Product, Real, Seasonally Adjusted, Domestic Currency","157,889.20","157,906.00","159,379.60","160,487.30","159,217.30","165,706.00","166,239.80","169,127.80","172,827.80","178,141.20","183,604.80","183,559.30","181,380.70","180,772.10","178,888.90","178,145.40","178,643.70","179,621.30","179,708.00","179,329.20","181,352.20","180,989.90","182,643.70","183,409.20","187,612.80","188,982.00","191,311.60","193,826.00","195,333.60","197,583.50","200,031.10","203,543.20","206,169.90","210,707.40","209,330.50","212,372.40","216,696.30","220,310.00","224,484.50","227,549.40","229,698.20","229,514.00","230,100.60","228,090.70","227,572.20","230,273.60","232,261.30","235,531.10","239,242.10","242,709.60","245,631.60","249,512.20","252,772.20","255,672.10","260,884.30","262,695.00","263,653.60","263,517.90","266,001.40","267,393.70","270,939.40","276,291.00","279,082.80","281,178.40","284,263.20","286,397.70","289,011.20","293,194.00","293,622.90","293,884.40","294,763.90","297,830.00","300,360.90","307,018.80","310,281.30","314,156.00","314,739.30","318,918.90","323,660.10","328,656.90","332,756.30","333,428.30","336,365.00","339,111.60","344,923.50","346,318.50","350,349.20","353,335.60","349,031.60","318,403.00","346,607.60","354,795.30","353,546.20","367,532.90","375,041.80","392,028.40","388,929.80","395,025.80","396,789.20","401,952.60",
Italy,"National Accounts, Expenditure, Gross Domestic Product, Real, Seasonally Adjusted, Domestic Currency","368,556.35","370,710.57","371,220.74","369,184.02","371,729.59","373,018.32","376,310.27","381,812.61","386,061.78","389,215.45","391,607.58","397,486.22","399,854.27","398,454.15","397,192.04","396,398.71","397,056.39","398,494.42","399,310.61","401,004.42","399,582.58","399,051.24","398,717.56","402,229.09","403,288.75","404,887.74","404,671.36","405,966.87","404,922.07","408,200.48","410,792.52","411,423.20","412,038.73","414,954.20","416,943.32","422,349.51","421,191.17","422,335.59","423,216.22","421,696.45","426,610.63","422,559.02","417,211.81","405,787.56","395,665.40","393,694.06","396,191.09","397,498.45","398,852.65","401,631.34","403,421.67","405,583.14","407,685.52","407,868.68","405,877.40","401,953.17","397,390.45","394,655.32","392,635.25","389,725.52","385,940.23","386,085.77","386,922.56","386,131.77","386,793.49","386,608.07","387,141.85","385,748.51","387,116.07","388,600.67","389,281.11","391,291.30","392,770.34","393,399.23","395,484.59","396,697.87","398,753.50","400,469.99","402,224.48","404,386.50","403,951.60","404,132.13","404,642.11","405,823.31","406,592.75","407,469.15","407,720.89","404,455.74","381,075.44","335,073.17","382,826.27","380,194.06","382,011.49","391,247.37","402,601.15","406,326.98","406,854.74","411,049.16","412,682.20","412,142.12",
Japan,"National Accounts, Expenditure, Gross Domestic Product, Real, Seasonally Adjusted, Domestic Currency","117,845,100.00","117,325,925.00","117,535,925.00","118,476,050.00","116,850,875.00","117,293,850.00","117,918,775.00","117,960,300.00","119,965,250.00","120,531,775.00","120,561,075.00","121,736,125.00","122,635,950.00","121,720,200.00","120,392,350.00","119,979,400.00","120,183,325.00","121,156,550.00","121,538,025.00","121,875,625.00","121,952,475.00","122,787,775.00","123,150,875.00","124,496,050.00","125,407,625.00","125,422,925.00","126,192,450.00","125,957,425.00","126,602,350.00","127,579,550.00","128,877,275.00","129,109,500.00","129,309,450.00","129,499,775.00","129,249,150.00","131,000,350.00","131,865,450.00","131,897,275.00","131,190,050.00","131,772,350.00","132,245,425.00","131,447,200.00","129,822,325.00","126,635,075.00","120,549,700.00","122,880,225.00","122,832,300.00","124,372,550.00","125,681,550.00","127,165,800.00","129,478,750.00","128,432,100.00","127,082,025.00","125,966,325.00","129,034,000.00","128,858,150.00","130,647,575.00","129,448,475.00","128,963,400.00","128,868,700.00","130,656,650.00","131,833,075.00","133,099,200.00","132,930,050.00","134,020,400.00","131,602,425.00","131,712,500.00","132,318,500.00","134,378,150.00","134,562,475.00","134,693,550.00","134,465,425.00","135,468,975.00","135,256,075.00","135,525,575.00","135,729,100.00","136,831,725.00","137,305,300.00","138,470,650.00","138,629,800.00","138,762,550.00","139,183,675.00","138,486,025.00","138,299,550.00","138,594,350.00","139,041,325.00","139,363,375.00","135,540,075.00","136,107,000.00","125,294,700.00","132,347,050.00","134,837,650.00","134,615,050.00","135,082,800.00","134,599,000.00","136,094,200.00","135,460,900.00","137,018,825.00","136,651,875.00","136,683,775.00",
Jordan,"National Accounts, Expenditure, Gross Domestic Product, Real, Seasonally Adjusted, Domestic Currency","3,068.14","3,029.23","3,024.01","3,103.09","3,077.39","3,146.87","3,200.88","3,206.17","3,204.11","3,259.65","3,334.49","3,375.53","3,402.93","3,447.03","3,472.72","3,559.71","3,613.64","3,640.43","3,695.30","3,743.32","3,744.52","3,791.57","3,851.14","3,924.25","4,022.24","4,085.48","4,223.42","4,286.77","4,374.32","4,468.48","4,517.80","4,611.70","4,735.17","4,808.38","4,921.11","5,104.89","5,225.09","5,282.29","5,272.56","5,390.92","5,565.38","5,678.75","5,701.68","5,739.88","5,832.07","5,926.92","5,984.02","5,948.35","5,971.53","6,047.91","6,138.12","6,161.14","6,155.45","6,219.90","6,291.36","6,336.25","6,352.77","6,351.59","6,399.81","6,438.08","6,479.51","6,542.78","6,550.65","6,569.21","6,691.08","6,738.15","6,771.94","6,824.42","6,839.41","6,899.30","6,974.46","7,008.58","7,008.28","7,041.93","7,104.94","7,146.91","7,182.78","7,207.86","7,239.35","7,276.90","7,316.28","7,363.99","7,385.00","7,402.94","7,459.53","7,495.55","7,531.87","7,556.35","7,524.48","7,160.66","7,395.69","7,503.44","7,546.42","7,390.08","7,591.71","7,696.72","7,733.24","7,574.84","7,751.14",,
"Kazakhstan, Rep. of","National Accounts, Expenditure, Gross Domestic Product, Real, Seasonally Adjusted, Domestic Currency","1,135,874.17","1,104,121.55","1,006,482.49","970,609.31","1,050,200.00","1,022,000.00","1,039,500.00","1,109,600.00","1,118,100.00","1,155,600.00","1,170,800.00","1,190,500.00","1,247,400.00","1,311,600.00","1,344,400.00","1,357,300.00","1,383,700.00","1,405,400.00","1,471,100.00","1,516,000.00","1,536,700.00","1,573,100.00","1,601,500.00","1,602,100.00","1,681,500.00","1,713,500.00","1,737,000.00","1,787,400.00","1,840,400.00","1,861,000.00","1,905,900.00","1,983,400.00","1,988,000.00","2,070,200.00","2,159,200.00","2,185,500.00","2,213,200.00","2,277,700.00","2,351,800.00","2,308,100.00","2,361,500.00","2,396,600.00","2,391,100.00","2,303,600.00","2,319,000.00","2,337,700.00","2,412,700.00","2,496,800.00","2,497,400.00","2,547,200.00","2,579,900.00","2,639,900.00","2,680,500.00","2,734,400.00","2,778,000.00","2,841,400.00","2,845,500.00","2,892,700.00","2,901,400.00","2,946,500.00","2,994,100.00","3,062,200.00","3,098,400.00","3,114,900.00","3,131,500.00","3,174,300.00","3,218,000.00","3,273,400.00","3,213,600.00","3,211,800.00","3,223,800.00","3,276,000.00","3,219,800.00","3,207,700.00","3,269,500.00","3,344,500.00","3,332,600.00","3,375,900.00","3,405,600.00","3,436,100.00","3,476,100.00","3,521,200.00","3,540,600.00","3,567,800.00","3,613,400.00","3,680,000.00","3,709,500.00","3,737,600.00","3,713,700.00","3,469,000.00","3,538,400.00","3,636,100.00","3,655,700.00","3,704,900.00","3,769,800.00","3,815,500.00","3,824,300.00","3,786,057.00","3,835,275.74",,
Kenya,"National Accounts, Expenditure, Gross Domestic Product, Real, Seasonally Adjusted, Domestic Currency",,,,,,,,,,,,,,,,,,,,,,,,,,,,,,,,,,,,,,,,,,,,,"1,314,508.64","1,326,053.31","1,349,018.04","1,371,549.51","1,414,166.54","1,438,246.14","1,449,813.23","1,490,482.68","1,501,338.99","1,512,171.22","1,527,504.09","1,548,550.37","1,565,860.44","1,578,808.63","1,602,991.58","1,621,120.50","1,626,853.71","1,645,938.56","1,661,853.61","1,677,461.28","1,708,295.45","1,735,838.33","1,747,567.54","1,752,390.26","1,790,191.15","1,818,785.52","1,832,281.60","1,848,157.78","1,855,935.07","1,887,562.81","1,916,224.21","1,937,135.95","1,952,043.14","1,948,859.02","1,981,880.90","2,005,533.74","2,049,889.64","2,065,954.41","2,092,881.49","2,124,101.55","2,147,075.21","2,187,365.76","2,205,694.17","2,217,970.16","2,238,917.04","2,095,967.07","2,138,917.14","2,261,047.53","2,296,210.89","2,325,517.64","2,349,930.88","2,420,220.65","2,441,540.96","2,460,180.53",,,
"Korea, Rep. of","National Accounts, Expenditure, Gross Domestic Product, Real, Seasonally Adjusted, Domestic Currency","184,173,900.00","182,685,900.00","185,877,700.00","190,517,300.00","196,298,800.00","204,902,900.00","210,601,600.00","216,680,100.00","220,786,300.00","223,728,300.00","229,891,100.00","229,145,200.00","231,953,500.00","234,966,300.00","238,138,800.00","242,336,200.00","248,502,400.00","253,005,600.00","258,120,900.00","260,953,400.00","259,233,300.00","258,833,700.00","263,836,100.00","270,800,000.00","274,198,000.00","276,291,500.00","277,412,100.00","279,514,700.00","281,893,100.00","287,212,600.00","291,536,100.00","294,487,800.00","299,314,800.00","301,501,600.00","306,367,700.00","308,755,400.00","313,924,100.00","319,355,900.00","323,104,600.00","330,073,800.00","331,402,000.00","333,136,800.00","335,854,800.00","324,825,700.00","325,118,000.00","329,451,100.00","339,310,500.00","341,844,700.00","348,541,700.00","355,163,300.00","359,266,200.00","363,646,800.00","367,040,100.00","368,841,500.00","370,782,800.00","372,534,000.00","375,758,900.00","377,885,600.00","379,592,800.00","381,499,300.00","384,778,000.00","389,265,100.00","392,597,800.00","396,032,700.00","399,426,600.00","402,933,000.00","404,187,400.00","406,170,500.00","409,319,800.00","411,297,900.00","417,232,800.00","420,169,900.00","421,371,400.00","426,455,100.00","428,228,900.00","430,824,800.00","435,067,500.00","438,176,700.00","444,494,500.00","443,072,700.00","448,415,500.00","451,270,100.00","454,568,200.00","457,751,600.00","456,842,600.00","461,684,700.00","464,119,800.00","470,019,300.00","463,733,000.00","449,696,100.00","460,254,000.00","465,840,300.00","473,871,700.00","477,820,700.00","478,839,600.00","485,245,400.00","488,321,700.00","491,931,700.00","493,519,800.00","491,517,200.00","492,918,100.00"
Latvia,"National Accounts, Expenditure, Gross Domestic Product, Real, Seasonally Adjusted, Domestic Currency","2,929.41","2,914.63","2,887.17","2,812.23","2,910.79","2,865.27","2,967.75","3,066.21","3,092.58","3,084.29","3,180.06","3,141.45","3,213.18","3,360.37","3,288.46","3,396.75","3,395.43","3,526.42","3,568.94","3,712.57","3,736.29","3,826.04","3,908.80","3,958.30","4,092.67","4,145.97","4,167.29","4,264.10","4,374.98","4,475.93","4,699.27","4,876.71","4,836.54","5,078.19","5,249.72","5,485.30","5,573.88","5,688.64","5,794.13","5,728.56","5,841.26","5,630.42","5,402.04","5,272.11","5,082.05","4,790.35","4,547.04","4,563.58","4,536.81","4,503.16","4,486.02","4,528.11","4,467.60","4,621.59","4,692.40","4,700.89","4,941.21","4,914.03","4,976.64","5,001.09","5,018.03","5,015.34","5,084.49","5,127.88","5,126.14","5,152.39","5,176.05","5,202.32","5,281.47","5,359.35","5,398.61","5,390.26","5,488.90","5,441.45","5,448.07","5,514.43","5,597.01","5,646.75","5,664.90","5,706.60","5,774.62","5,868.77","5,931.62","5,990.16","6,007.28","6,044.56","6,042.38","6,065.81","6,034.01","5,615.10","5,938.57","6,049.14","6,008.34","6,140.32","6,203.16","6,191.72","6,308.32","6,286.52","6,221.92","6,220.32",
"Lesotho, Kingdom of","National Accounts, Expenditure, Gross Domestic Product, Real, Seasonally Adjusted, Domestic Currency",,,,,,,,,,,,,,,,,,,,,,,,,,,,,,,,,,,,,"4,043.00","4,209.00","4,225.00","4,205.00","4,367.00","4,513.00","4,443.00","4,255.00","4,333.00","4,172.00","4,297.00","4,562.00","4,455.00","4,556.00","4,623.00","4,662.00","4,609.00","4,755.00","4,816.00","4,980.00","5,080.00","5,097.00","5,095.00","5,095.00","5,136.00","5,086.00","5,218.00","5,293.00","5,321.00","5,043.00","5,188.00","5,514.00","5,410.00","5,470.00","5,519.00","5,326.00","5,582.00","5,658.00","5,578.00","5,563.00","5,488.00","5,399.00","5,433.00","5,466.00","5,370.00","5,259.00","5,206.00","5,655.00","5,203.00","5,308.00","5,396.00","5,431.00","5,458.00","4,382.00","5,195.00","5,080.00","5,050.00","5,113.00","5,112.00","5,149.00","5,131.00","5,114.00",,,
Lithuania,"National Accounts, Expenditure, Gross Domestic Product, Real, Seasonally Adjusted, Domestic Currency","4,395.26","4,458.27","4,499.63","4,501.04","4,425.14","4,442.53","4,387.53","4,396.02","4,491.16","4,537.00","4,605.32","4,675.67","4,788.37","4,805.49","4,902.03","5,018.28","5,023.80","5,181.15","5,271.89","5,351.44","5,585.31","5,668.28","5,828.36","5,932.29","5,989.06","6,100.55","6,140.17","6,282.05","6,418.19","6,520.46","6,696.32","6,820.43","6,878.17","7,036.03","7,157.48","7,352.74","7,610.17","7,804.04","8,013.23","8,151.28","8,111.34","8,165.54","8,063.88","7,999.96","6,971.31","6,879.33","6,907.73","6,832.58","6,885.21","6,971.78","7,002.62","7,168.41","7,305.51","7,409.27","7,473.26","7,554.32","7,594.84","7,643.28","7,800.84","7,834.96","7,882.13","7,967.06","8,025.30","8,125.79","8,215.82","8,267.64","8,298.13","8,329.99","8,361.38","8,426.19","8,481.05","8,508.41","8,529.06","8,601.86","8,702.22","8,814.36","8,907.56","8,977.88","9,069.95","9,165.56","9,253.29","9,366.52","9,402.02","9,540.32","9,677.79","9,812.07","9,832.59","9,958.76","9,928.39","9,406.18","9,976.93","10,004.73","10,181.16","10,333.37","10,490.42","10,623.20","10,642.13","10,565.60","10,634.62","10,582.37",
Luxembourg,"National Accounts, Expenditure, Gross Domestic Product, Real, Seasonally Adjusted, Domestic Currency","6,600.10","6,831.89","6,958.24","7,001.13","7,193.32","7,348.63","7,559.97","7,529.10","7,918.78","7,815.13","7,951.31","7,998.03","8,128.50","8,027.24","8,142.72","8,355.78","8,390.72","8,538.23","8,405.54","8,376.08","8,365.37","8,575.34","8,666.18","8,992.22","8,934.47","8,944.97","9,154.08","9,055.30","8,980.34","9,053.46","9,236.09","9,714.83","9,723.06","9,750.60","9,798.75","9,941.69","10,440.70","10,671.41","10,593.02","10,677.05","10,791.58","10,672.61","10,584.79","10,194.80","10,002.31","10,126.28","10,342.96","10,391.31","10,550.08","10,695.81","10,565.91","10,577.21","10,725.05","10,630.75","10,761.49","10,707.90","10,763.01","10,779.71","10,899.41","11,082.43","11,083.55","11,290.10","11,315.99","11,211.64","11,446.34","11,293.06","11,519.55","11,819.57","11,742.60","11,813.83","11,750.61","11,823.02","12,189.53","12,355.10","12,439.15","12,497.21","12,340.30","12,502.39","12,639.79","12,653.57","12,680.52","12,602.32","12,718.99","12,762.54","12,801.52","13,026.97","13,025.71","13,091.68","12,930.15","12,211.33","13,223.69","13,174.93","13,441.30","13,519.49","13,493.25","13,713.62","13,815.92","13,747.22","13,899.86",,
Malta,"National Accounts, Expenditure, Gross Domestic Product, Real, Seasonally Adjusted, Domestic Currency",,,,,,,,,"1,293.39","1,357.99","1,338.39","1,369.18","1,323.69","1,310.08","1,335.62","1,329.38","1,355.58","1,359.17","1,366.22","1,353.64","1,386.84","1,415.06","1,424.62","1,427.79","1,415.87","1,381.53","1,415.56","1,452.17","1,416.34","1,466.89","1,481.34","1,489.95","1,467.15","1,506.15","1,516.71","1,513.31","1,563.46","1,571.10","1,587.05","1,569.44","1,618.37","1,629.89","1,635.73","1,647.84","1,594.21","1,595.23","1,619.45","1,648.61","1,696.33","1,673.42","1,712.54","1,733.55","1,711.11","1,690.33","1,712.90","1,734.66","1,754.34","1,770.50","1,799.14","1,805.55","1,828.74","1,878.07","1,906.20","1,905.85","1,972.62","2,003.92","2,036.02","2,081.67","2,150.92","2,213.11","2,230.79","2,276.72","2,237.38","2,275.30","2,316.08","2,343.88","2,496.18","2,519.65","2,573.37","2,579.54","2,603.13","2,686.01","2,755.79","2,751.75","2,809.70","2,881.83","2,916.40","2,948.26","2,827.09","2,440.95","2,599.10","2,703.86","2,862.97","2,862.45","3,013.71","3,067.34","3,097.42","3,132.51","3,174.86","3,211.86",
Mexico,"National Accounts, Expenditure, Gross Domestic Product, Real, Seasonally Adjusted, Domestic Currency","2,975,306.40","2,996,685.10","3,012,198.40","3,016,220.80","3,046,721.60","3,064,790.60","3,094,735.80","3,123,129.30","3,181,993.20","3,229,870.80","3,262,845.30","3,234,596.60","3,235,551.80","3,218,171.60","3,225,225.60","3,204,642.40","3,183,174.10","3,212,086.10","3,237,300.60","3,244,887.80","3,252,582.30","3,260,201.00","3,258,828.50","3,294,689.60","3,341,097.70","3,392,797.60","3,385,361.90","3,430,301.20","3,435,972.60","3,445,708.30","3,474,720.20","3,532,818.90","3,594,866.90","3,629,943.80","3,639,930.90","3,649,007.30","3,674,730.90","3,702,938.70","3,726,228.00","3,740,877.60","3,734,037.20","3,761,640.10","3,774,079.30","3,712,445.90","3,522,574.80","3,469,911.90","3,584,717.40","3,644,098.30","3,682,516.10","3,722,689.50","3,758,077.80","3,786,957.40","3,815,963.60","3,836,161.80","3,910,775.80","3,936,243.20","3,962,210.90","3,997,185.50","4,018,590.60","4,053,227.70","4,063,688.40","4,042,189.80","4,077,316.80","4,101,442.40","4,129,859.60","4,184,162.80","4,194,451.40","4,241,220.90","4,264,599.90","4,316,337.80","4,366,783.20","4,357,039.00","4,382,440.50","4,401,464.90","4,441,445.30","4,493,943.70","4,515,356.30","4,529,856.80","4,511,044.70","4,576,803.20","4,628,828.50","4,625,689.10","4,638,051.90","4,636,254.50","4,638,614.90","4,619,129.60","4,628,823.40","4,607,595.50","4,561,899.90","3,751,460.80","4,242,295.40","4,425,479.00","4,443,929.40","4,475,675.70","4,424,962.50","4,476,192.00","4,528,582.50","4,577,604.70","4,619,060.70","4,640,091.30","4,700,668.80"
"Moldova, Rep. of","National Accounts, Expenditure, Gross Domestic Product, Real, Seasonally Adjusted, Domestic Currency",,,,,,,,,,,,,,,,,,,,,,,,,,,,,,,,,,,,,,,,,,,,,,,,,,,,,,,,,,,,,,,,,,,,,,,,,"38,130.48","38,903.09","38,448.91","38,054.61","39,340.32","39,704.36","40,494.25","40,385.38","40,082.40","41,624.84","42,441.65","42,318.80","41,612.51","44,086.03","44,705.74","42,002.73","41,238.76","37,929.45","39,065.92","39,975.83","44,037.13","43,697.02","44,778.05","47,676.94","44,389.32","43,271.50","39,570.59",,
"Netherlands, The","National Accounts, Expenditure, Gross Domestic Product, Real, Seasonally Adjusted, Domestic Currency","126,053.16","126,955.31","128,038.98","129,210.68","131,364.30","132,826.26","134,655.58","136,550.02","137,400.33","138,934.82","140,081.26","141,901.93","142,055.93","142,774.26","143,022.38","143,483.65","142,608.15","143,104.80","143,326.99","143,541.48","143,566.37","143,070.60","143,197.52","143,964.19","145,267.41","145,960.04","146,178.09","146,496.77","146,969.75","148,003.64","149,991.26","150,937.03","151,878.78","154,152.45","155,074.52","156,353.11","158,144.45","158,953.59","160,729.90","162,904.61","163,438.17","164,243.25","164,042.63","162,960.04","157,103.85","157,107.79","157,737.33","158,687.43","158,387.73","159,082.98","159,785.82","161,588.45","162,521.06","162,375.76","162,376.39","161,396.69","161,060.74","161,142.78","160,451.11","159,328.36","159,842.83","159,553.99","160,516.16","161,535.01","161,381.84","162,326.70","162,732.51","164,190.06","165,167.67","165,676.52","166,246.93","166,274.21","167,802.07","168,197.21","170,074.79","171,499.18","172,399.04","173,915.15","175,159.39","176,485.83","177,276.15","178,413.83","178,848.60","179,585.97","180,843.72","181,601.01","182,314.42","183,032.59","180,324.50","166,082.12","176,625.96","176,519.17","176,553.09","183,166.24","186,485.15","187,417.95","188,081.50","192,693.96","192,401.60","193,592.42",
New Zealand,"National Accounts, Expenditure, Gross Domestic Product, Real, Seasonally Adjusted, Domestic Currency","34,250.00","34,090.00","34,307.00","35,123.00","35,463.00","35,768.00","36,275.00","36,674.00","37,593.00","37,272.00","37,411.00","37,703.00","37,381.00","38,606.00","38,535.00","39,048.00","39,517.00","39,831.00","40,603.00","41,483.00","41,600.00","41,772.00","42,274.00","42,933.00","44,001.00","44,024.00","44,056.00","44,166.00","44,246.00","45,354.00","45,436.00","45,484.00","45,896.00","45,709.00","46,564.00","46,915.00","47,285.00","47,922.00","48,420.00","48,654.00","48,394.00","47,683.00","47,748.00","47,727.00","47,328.00","47,917.00","48,186.00","48,804.00","49,352.00","49,620.00","48,911.00","48,386.00","49,192.00","49,630.00","50,217.00","50,624.00","50,706.00","51,014.00","51,303.00","51,901.00","52,177.00","52,013.00","52,478.00","52,779.00","53,365.00","53,637.00","54,298.00","55,038.00","55,407.00","55,895.00","56,677.00","57,270.00","57,863.00","58,573.00","58,945.00","59,154.00","59,864.00","60,703.00","61,325.00","62,141.00","62,662.00","63,544.00","63,462.00","64,523.00","64,937.00","65,315.00","65,869.00","66,229.00","65,377.00","59,053.00","67,506.00","67,566.00","68,558.00","70,254.00","67,063.00","69,167.00","68,740.00","70,040.00","71,399.00","70,863.00",
Norway,"National Accounts, Expenditure, Gross Domestic Product, Real, Seasonally Adjusted, Domestic Currency","528,719.29","534,741.86","525,101.44","527,800.83","532,319.04","532,562.01","543,561.17","552,957.75","561,318.69","553,171.43","558,567.61","558,788.18","565,403.53","564,394.60","571,374.40","576,363.05","571,183.98","583,086.09","574,408.08","580,913.14","580,746.85","577,976.82","586,109.44","586,297.26","607,048.84","608,299.88","601,266.66","607,182.39","616,694.42","619,934.89","625,088.11","626,497.68","630,925.43","631,714.65","638,205.93","649,902.11","650,082.19","650,071.85","658,428.48","665,605.59","658,830.85","659,159.12","657,955.46","660,015.54","650,278.63","644,525.74","644,942.76","645,289.12","660,256.79","653,221.85","636,973.84","654,898.52","655,221.62","652,505.86","663,048.37","663,391.28","678,848.34","680,450.91","670,576.14","676,062.80","676,634.90","681,532.22","688,228.55","687,006.81","694,027.97","699,140.69","702,070.12","710,626.64","709,074.04","712,820.27","721,144.16","714,832.96","718,375.85","718,147.53","715,942.70","725,532.28","733,753.64","740,823.05","745,899.58","741,650.18","745,284.40","747,526.28","752,235.77","752,489.08","749,154.70","755,596.86","759,890.20","766,189.34","756,571.33","715,206.03","746,152.89","756,817.74","752,193.55","762,006.28","787,240.75","792,364.67","785,998.33","794,867.61","805,155.09","806,724.05",
Philippines,"National Accounts, Expenditure, Gross Domestic Product, Real, Seasonally Adjusted, Domestic Currency",,,,,,,,,,,,,,,,,,,,,,,,,,,,,,,,,,,,,,,,,,,,,,,,,,,,,,,,,,,,,"3,271,287.97","3,274,660.87","3,339,044.45","3,365,857.56","3,463,039.11","3,496,845.56","3,535,859.23","3,594,698.44","3,651,754.67","3,713,954.71","3,764,427.68","3,849,805.11","3,915,630.63","3,982,727.94","4,037,369.60","4,114,910.94","4,176,385.72","4,264,655.76","4,336,544.17","4,386,136.11","4,456,357.20","4,533,449.35","4,599,168.04","4,662,879.26","4,746,401.58","4,796,457.34","4,882,984.29","4,933,644.13","4,712,448.62","4,030,993.90","4,342,042.77","4,464,670.28","4,524,236.30","4,529,179.88","4,658,319.79","4,811,199.07","4,882,366.64","4,876,801.73",,,
"Poland, Rep. of","National Accounts, Expenditure, Gross Domestic Product, Real, Seasonally Adjusted, Domestic Currency","223,131.19","223,207.99","225,374.93","226,114.84","227,960.73","232,680.36","237,275.50","240,742.63","242,493.77","245,167.06","245,954.39","250,351.49","249,538.31","248,805.55","249,999.85","250,034.34","251,718.17","253,472.00","255,863.20","257,217.88","258,227.81","262,553.40","265,929.88","267,971.95","273,979.51","276,289.26","276,175.08","279,015.27","280,975.88","282,263.81","287,626.94","292,645.22","297,125.81","304,017.68","308,879.75","304,444.44","318,026.70","322,285.26","327,887.44","332,215.36","336,822.39","338,834.71","338,926.38","339,377.70","344,190.77","344,937.75","347,416.07","352,672.56","351,163.35","356,192.13","360,416.47","364,305.45","369,912.74","374,489.84","378,694.66","381,751.48","382,954.98","382,257.74","382,410.32","382,145.24","381,541.26","384,438.53","387,270.35","389,531.66","394,441.89","398,815.28","402,007.48","405,442.72","412,010.38","414,285.26","419,805.15","423,160.90","422,421.63","428,590.04","431,043.26","439,306.45","444,621.24","448,995.37","455,633.78","461,794.75","470,182.54","476,807.28","482,736.09","487,474.41","494,274.60","498,744.87","502,451.42","505,736.13","509,480.90","462,580.13","493,858.53","494,458.61","507,174.87","518,198.57","529,022.27","537,671.33","560,550.78","547,457.59","552,706.64","539,674.81",
Portugal,"National Accounts, Expenditure, Gross Domestic Product, Real, Seasonally Adjusted, Domestic Currency","37,983.60","38,566.92","38,994.43","39,288.14","39,810.36","40,018.21","40,410.55","40,642.64","41,547.13","41,327.56","41,932.95","42,213.65","42,081.66","42,488.77","42,550.95","43,146.26","43,222.98","43,022.43","42,827.28","42,507.60","42,552.26","42,174.07","42,548.31","42,709.05","43,094.67","43,341.21","43,358.29","43,230.07","43,562.51","43,723.11","43,516.76","43,574.65","43,930.83","44,354.81","44,304.81","44,620.26","45,089.79","45,289.59","45,382.89","45,890.38","45,893.90","45,667.83","45,630.14","45,040.70","43,907.18","43,946.45","44,334.15","44,355.34","44,720.39","44,967.44","45,005.14","44,917.81","44,621.01","44,429.62","44,082.70","43,430.96","43,193.91","42,611.68","42,130.41","41,464.56","41,637.11","41,952.87","41,894.44","42,353.17","42,081.33","42,221.34","42,261.32","42,603.20","42,877.92","43,005.54","43,054.47","43,260.81","43,462.75","43,592.94","44,104.76","44,515.81","45,037.01","45,264.56","45,579.14","45,955.37","46,289.64","46,650.48","46,895.73","47,181.33","47,597.93","47,869.72","48,086.03","48,480.72","46,369.15","39,358.36","45,099.96","45,267.09","44,108.27","46,060.58","47,351.58","48,264.19","49,352.77","49,471.12","49,644.24","49,812.46",
Romania,"National Accounts, Expenditure, Gross Domestic Product, Real, Seasonally Adjusted, Domestic Currency","89,062.89","87,949.44","87,049.32","87,314.32","86,919.91","86,653.14","87,534.71","88,347.83","89,266.94","90,509.81","89,044.34","89,640.60","92,056.98","92,897.92","94,688.45","95,456.96","97,626.89","98,646.70","99,049.95","100,792.34","99,116.64","100,456.67","102,668.56","102,891.16","107,640.89","109,588.21","113,393.65","115,116.16","115,586.98","115,026.50","117,311.26","120,206.42","122,143.58","126,399.08","127,386.66","129,057.50","131,392.17","134,202.08","135,467.90","139,924.80","146,454.02","148,899.55","149,170.74","146,594.47","140,621.32","139,632.42","139,858.55","139,754.76","133,399.56","134,287.32","134,420.26","136,719.16","139,317.95","139,773.75","142,283.33","141,346.98","142,726.76","144,831.32","142,740.45","143,399.87","141,102.74","143,164.90","144,040.73","145,977.46","147,775.50","148,023.28","150,631.34","151,694.89","152,926.70","152,344.58","155,203.08","156,809.43","156,659.26","158,280.20","158,654.29","161,651.03","169,240.50","170,830.10","172,842.56","175,217.42","178,179.68","180,978.73","183,407.24","185,103.23","186,855.28","188,483.77","189,513.67","190,597.82","191,893.11","173,512.35","180,012.23","186,158.69","189,403.31","192,597.68","193,757.46","194,773.68","197,565.87","199,955.52","202,374.69","204,554.35",
Russian Federation,"National Accounts, Expenditure, Gross Domestic Product, Real, Seasonally Adjusted, Domestic Currency",,,,,,,,,,,,,,,,,,,,,"13,995,403.70","14,151,513.50","14,390,414.70","14,652,869.80","14,928,148.40","15,215,841.30","15,446,290.60","15,619,006.50","15,892,039.50","16,133,963.30","16,418,276.80","16,756,959.60","17,080,470.40","17,409,287.20","17,809,026.90","18,147,263.20","18,476,391.20","18,942,698.00","19,360,405.40","19,978,744.30","20,508,814.70","20,636,297.90","20,328,679.10","19,667,547.50","18,973,876.70","18,697,074.20","18,773,811.70","18,976,889.60","19,382,703.20","19,566,858.10","19,669,293.10","19,916,532.10","20,146,599.60","20,337,527.10","20,571,680.60","20,820,121.20","21,147,058.80","21,228,913.50","21,338,486.10","21,352,864.90","21,511,017.80","21,584,265.10","21,593,012.90","21,717,681.20","21,716,060.90","21,820,648.70","21,751,233.10","21,700,054.60","21,479,316.80","21,335,446.70","21,376,736.30","21,321,628.90","21,362,152.30","21,373,655.60","21,395,182.30","21,571,715.30","21,615,222.20","21,764,465.80","21,912,352.00","21,916,952.40","22,214,153.40","22,338,096.40","22,392,013.60","22,540,689.10","22,532,106.10","23,041,719.20","22,816,289.20","22,713,048.30","22,668,457.30","21,651,776.50","22,253,279.90","22,417,897.00","22,570,515.70","23,290,725.90","23,105,679.70",,,,,,
Saudi Arabia,"National Accounts, Expenditure, Gross Domestic Product, Real, Seasonally Adjusted, Domestic Currency",,,,,,,,,,,,,,,,,,,,,,,,,,,,,,,,,,,,,,,,,,,,,,,,,"472,498.10","487,268.90","492,963.70","521,219.10","535,829.90","544,264.40","555,165.30","564,832.00","573,404.10","579,886.40","590,590.10","575,481.50","573,734.00","591,161.40","614,601.70","606,107.20","613,298.10","616,018.60","626,245.20","625,883.60","632,606.70","652,555.70","655,982.80","656,666.20","654,665.60","663,558.30","661,500.00","672,282.10","657,089.20","664,715.70","668,243.50","667,087.10","671,959.90","675,648.90","687,281.30","695,795.50","686,042.90","685,974.40","685,188.20","696,177.60","675,646.90","642,150.60","650,879.50","665,307.70","655,093.50","666,700.70","695,146.70","711,706.60","731,080.50","739,074.90","748,181.30","757,964.50",
Senegal,"National Accounts, Expenditure, Gross Domestic Product, Real, Seasonally Adjusted, Domestic Currency",,,,,,,,,,,,,,,,,,,,,,,,,,,,,,,,,,,,,,,,,,,,,,,,,,,,,,,,,,,,,,,,,"2,269,166.70","2,418,558.41","2,509,146.81","2,578,167.09","2,547,687.89","2,594,265.82","2,591,993.44","2,663,472.85","2,704,892.38","2,756,406.15","2,800,771.71","2,796,216.91","2,871,367.46","2,962,881.72","2,990,621.31","3,052,557.74","3,080,783.65","3,133,753.10","3,183,299.70","3,217,089.93","3,255,546.89","3,287,813.68","3,333,742.07","3,319,829.53","3,382,756.76","3,288,494.13","3,316,498.46","3,384,108.83","3,406,322.80","3,523,522.35","3,569,965.72","3,647,286.63","3,629,307.21","3,657,777.34","3,690,223.47",,
"Serbia, Rep. of","National Accounts, Expenditure, Gross Domestic Product, Real, Seasonally Adjusted, Domestic Currency","537,401.96","535,195.36","530,330.93","533,146.72","524,985.19","423,630.70","487,322.58","498,477.81","524,517.54","530,384.59","521,469.41","476,645.17","540,242.48","539,206.26","548,919.65","565,323.56","568,275.25","577,283.80","593,228.80","594,421.75","600,405.21","610,314.42","608,902.25","615,708.43","643,408.75","648,911.21","661,303.08","701,995.74","670,962.57","692,577.03","710,957.05","728,129.48","718,327.62","731,672.09","740,187.55","755,944.22","768,497.02","777,866.07","783,879.62","806,344.63","823,545.66","833,718.95","832,039.97","825,297.18","807,299.24","803,797.31","808,023.02","805,509.44","806,376.08","808,420.81","818,424.40","815,159.06","829,251.43","827,181.86","827,242.19","831,094.47","819,504.90","831,672.41","821,232.22","819,499.57","838,061.97","839,619.90","857,782.17","851,499.90","839,902.87","832,594.62","823,452.95","836,775.83","842,073.34","848,199.14","846,504.24","855,917.60","869,222.57","874,088.56","880,402.17","881,645.30","883,872.06","890,390.66","899,950.19","904,724.01","926,262.49","936,159.98","938,306.19","938,773.86","950,671.44","964,660.99","985,131.13","1,001,054.16","998,637.41","905,525.34","972,043.40","990,035.21","1,015,390.09","1,029,131.20","1,049,724.68","1,064,295.98","1,054,921.35","1,068,331.86","1,060,626.58","1,068,426.11",
Singapore,"National Accounts, Expenditure, Gross Domestic Product, Real, Seasonally Adjusted, Domestic Currency","42,144.30","41,830.60","41,485.70","42,225.70","42,973.10","44,059.20","44,901.50","45,276.70","46,764.00","47,666.10","49,242.20","49,548.70","49,193.90","47,929.50","46,878.80","47,181.20","48,589.80","50,000.00","50,040.60","49,966.30","50,602.00","49,921.50","52,758.60","54,270.40","55,875.50","56,744.00","57,157.00","58,475.20","58,907.90","60,391.40","61,871.10","63,863.90","64,987.40","65,714.20","66,961.00","69,557.60","70,566.90","72,209.60","74,131.00","74,448.50","76,342.40","74,425.30","73,948.40","72,248.20","70,353.20","73,327.80","76,172.40","77,291.70","81,783.00","86,693.40","84,282.50","87,553.00","89,200.10","88,981.20","91,293.30","91,872.10","93,551.80","94,392.90","93,478.10","95,919.00","96,792.90","98,773.00","99,453.80","100,380.50","101,098.90","102,161.80","103,095.20","104,657.10","104,217.80","105,493.10","106,809.90","106,787.80","107,695.80","108,861.00","109,957.90","111,945.50","112,689.80","113,089.90","115,913.40","117,251.10","118,161.00","118,949.70","119,702.00","119,022.90","119,521.20","120,089.90","120,592.50","120,839.40","120,778.30","105,503.70","115,240.60","119,592.30","123,152.10","122,163.70","123,989.50","126,836.00","127,798.50","127,484.70",,,
Slovak Rep.,"National Accounts, Expenditure, Gross Domestic Product, Real, Seasonally Adjusted, Domestic Currency","10,242.44","10,243.40","10,158.81","10,926.28","10,560.33","10,380.85","10,316.21","10,269.51","10,378.98","10,481.78","10,545.35","10,605.21","10,680.48","10,793.28","10,834.62","11,069.89","11,104.87","11,216.47","11,468.60","11,544.46","11,749.83","11,927.27","11,974.18","12,176.09","12,334.23","12,415.70","12,703.69","12,898.50","13,058.02","13,331.94","13,549.85","13,747.37","14,074.23","14,403.02","14,678.09","15,091.59","15,408.27","15,789.67","16,163.58","17,194.72","16,705.14","16,916.09","17,160.54","17,373.42","15,681.26","15,950.06","16,237.49","16,568.15","16,903.81","17,115.09","17,313.20","17,432.84","17,485.85","17,606.67","17,687.59","17,821.87","17,860.67","17,888.09","17,903.15","17,881.16","17,887.24","17,943.86","18,025.49","18,129.10","18,240.18","18,378.06","18,553.43","18,755.61","19,113.33","19,349.26","19,571.51","19,713.13","19,712.11","19,761.09","19,833.23","19,952.17","20,109.55","20,298.63","20,467.97","20,711.13","20,899.51","21,147.03","21,358.87","21,470.15","21,651.96","21,716.47","21,768.39","21,877.35","21,270.62","19,695.26","21,508.71","21,603.12","21,291.43","21,698.87","21,772.35","21,849.43","21,908.82","21,982.03","22,053.25","22,112.72",
"Slovenia, Rep. of","National Accounts, Expenditure, Gross Domestic Product, Real, Seasonally Adjusted, Domestic Currency","6,280.23","6,331.92","6,380.45","6,427.51","6,541.74","6,815.36","6,633.96","6,752.93","6,832.85","6,922.71","7,003.70","7,061.56","7,154.47","7,156.45","7,201.77","7,284.02","7,387.08","7,352.53","7,448.16","7,589.39","7,580.10","7,579.35","7,699.95","7,752.84","7,821.48","7,920.09","8,001.97","8,027.64","8,097.69","8,247.45","8,318.35","8,465.00","8,514.20","8,713.18","8,857.78","9,047.55","9,215.29","9,346.57","9,526.63","9,530.01","9,699.81","9,866.46","9,800.15","9,420.86","9,023.20","8,929.82","8,940.15","8,918.35","8,920.33","9,079.64","9,102.13","9,143.74","9,212.25","9,155.22","9,147.95","9,150.30","9,098.38","8,926.59","8,956.12","8,769.86","8,790.35","8,809.50","8,817.09","8,988.28","8,989.83","9,071.67","9,127.34","9,132.96","9,173.82","9,248.50","9,303.70","9,302.26","9,410.65","9,531.83","9,620.66","9,694.38","9,862.25","9,983.88","10,074.97","10,305.67","10,307.45","10,447.81","10,589.95","10,716.80","10,781.13","10,743.52","10,919.46","11,050.00","10,525.03","9,500.25","10,732.97","10,597.47","10,779.96","10,994.02","11,311.29","11,694.20","11,815.55","11,909.84","11,757.71","11,850.14",
South Africa,"National Accounts, Expenditure, Gross Domestic Product, Real, Seasonally Adjusted, Domestic Currency","662,167.00","663,103.50","661,651.00","662,288.10","668,653.10","673,974.90","681,334.00","688,828.60","696,879.90","703,291.10","710,256.40","716,300.40","720,702.20","724,303.50","726,228.40","731,815.40","739,763.00","749,149.50","757,628.60","763,932.00","768,781.20","772,535.70","776,728.10","781,209.30","793,035.10","804,117.40","817,265.70","825,993.50","834,390.50","849,364.10","860,946.20","866,709.00","881,938.50","894,464.20","906,818.10","919,357.80","934,285.10","941,942.10","952,981.10","966,485.60","970,544.90","982,394.10","984,741.40","979,135.80","963,904.90","960,596.70","962,824.40","969,246.10","980,554.60","988,785.50","997,588.10","1,006,873.50","1,016,789.20","1,022,479.80","1,026,710.60","1,033,734.20","1,039,593.80","1,048,271.70","1,052,533.50","1,057,553.50","1,065,760.30","1,073,512.50","1,078,605.80","1,084,412.50","1,082,916.70","1,087,190.70","1,092,415.50","1,100,595.20","1,108,545.40","1,099,186.40","1,104,137.40","1,108,923.40","1,111,572.20","1,112,641.70","1,112,506.20","1,113,450.80","1,118,707.70","1,124,808.10","1,126,876.60","1,131,309.20","1,136,056.90","1,133,680.40","1,148,222.20","1,152,272.90","1,141,834.00","1,146,495.90","1,148,083.90","1,147,687.00","1,147,695.00","951,505.90","1,082,480.40","1,111,674.30","1,120,822.60","1,136,378.60","1,115,904.70","1,131,186.00","1,149,192.20","1,140,048.40","1,160,792.80","1,146,250.00",
Spain,"National Accounts, Expenditure, Gross Domestic Product, Real, Seasonally Adjusted, Domestic Currency","194,690.94","196,899.04","198,761.16","200,920.55","202,936.78","205,356.64","208,088.69","210,423.05","213,800.33","216,490.62","218,828.96","221,057.94","223,416.17","225,081.44","227,179.19","228,725.16","229,710.41","231,596.40","233,025.05","234,768.87","236,968.02","238,216.73","239,788.55","241,832.61","243,304.02","245,696.05","248,008.54","249,674.81","252,125.50","254,366.41","256,827.04","259,399.02","262,383.59","264,943.64","267,407.25","269,944.43","272,428.92","274,887.56","276,997.24","278,743.04","279,359.44","279,682.55","279,171.54","274,629.07","267,487.78","267,475.85","268,047.51","267,953.06","267,893.41","268,311.96","268,181.72","268,321.91","267,919.26","267,088.11","265,363.19","263,603.46","261,148.80","258,645.42","257,301.27","255,395.40","254,609.99","254,385.30","254,291.85","254,714.38","255,649.91","256,854.88","258,740.86","260,963.88","263,958.39","266,806.75","269,223.64","271,843.34","273,692.54","274,827.91","277,182.16","278,689.36","280,877.58","283,754.77","285,541.34","287,081.34","288,307.18","289,996.32","291,505.50","293,427.28","295,213.85","296,235.88","297,109.77","297,755.01","281,416.43","231,250.42","269,725.71","269,566.64","268,950.24","272,587.00","281,059.51","287,426.33","287,392.53","293,838.88","294,469.20","295,130.33",
Sweden,"National Accounts, Expenditure, Gross Domestic Product, Real, Seasonally Adjusted, Domestic Currency","648,373.06","657,122.17","660,374.35","668,443.91","675,797.11","680,359.33","685,408.12","698,381.71","703,110.76","720,819.12","726,433.79","724,385.33","726,797.69","727,103.52","729,878.15","735,964.66","735,004.62","746,467.01","751,016.97","752,155.28","760,911.74","756,486.90","767,482.35","772,293.99","786,605.42","789,653.99","796,057.79","802,586.70","806,126.74","811,474.82","821,197.04","826,758.56","839,532.62","853,218.47","863,400.27","869,117.16","877,356.80","881,885.50","888,872.35","898,947.02","891,773.72","891,387.75","886,979.26","855,401.86","842,824.06","843,363.78","842,914.83","846,817.13","869,319.14","887,463.37","898,410.58","912,385.91","915,948.03","919,068.56","931,010.16","917,713.55","919,595.19","920,852.07","919,774.28","912,888.01","925,811.72","925,001.33","929,206.20","935,338.51","943,484.11","951,142.33","957,984.44","965,221.52","978,932.73","988,786.61","1,002,369.42","1,009,809.31","1,009,081.51","1,009,850.20","1,012,722.95","1,021,727.19","1,026,502.85","1,039,934.38","1,049,255.09","1,051,488.36","1,055,394.75","1,066,566.02","1,057,753.14","1,071,848.69","1,077,476.44","1,084,033.15","1,085,382.44","1,090,473.75","1,087,996.78","1,000,212.20","1,073,307.55","1,074,936.51","1,091,094.42","1,100,294.10","1,119,951.98","1,143,750.94","1,141,627.24","1,143,992.99","1,147,919.01","1,142,249.55",
Switzerland,"National Accounts, Expenditure, Gross Domestic Product, Real, Seasonally Adjusted, Domestic Currency","121,931.96","123,278.80","123,239.63","123,136.38","123,249.55","123,951.22","124,707.94","127,774.47","128,543.07","129,108.04","130,318.31","132,064.37","131,811.07","132,419.75","132,358.04","131,957.41","131,963.79","132,301.91","132,249.67","131,690.90","131,087.01","130,803.89","132,161.48","133,735.08","134,479.15","135,555.48","135,457.44","135,790.59","136,907.49","138,399.91","139,876.91","141,379.91","143,111.96","144,265.26","145,225.24","147,067.79","147,930.80","150,205.01","151,487.51","152,831.63","154,128.22","155,953.99","156,715.91","151,917.84","149,209.38","150,068.89","152,164.86","153,017.15","154,532.05","155,475.25","156,305.53","157,580.47","158,431.35","159,398.57","158,871.03","158,945.00","159,867.41","160,218.23","161,623.70","161,612.85","162,209.20","163,374.25","164,611.42","164,946.83","165,789.79","167,142.37","168,128.04","169,248.00","168,919.55","169,685.68","170,752.71","171,608.03","172,244.32","173,367.22","174,584.63","174,885.46","175,124.87","175,362.11","176,329.79","178,186.73","180,198.47","181,901.91","181,306.63","181,807.73","182,052.01","182,838.48","183,822.05","184,922.74","182,138.85","169,287.65","181,595.67","182,222.81","181,969.21","185,585.64","188,762.01","189,120.63","189,755.77","190,307.82","190,615.94","190,666.24",
Thailand,"National Accounts, Expenditure, Gross Domestic Product, Real, Seasonally Adjusted, Domestic Currency",,,,,,,,,,,,,,,,,,,,,"1,487,800.00","1,502,800.00","1,524,200.00","1,535,600.00","1,605,528.37","1,630,311.25","1,648,704.94","1,687,375.67","1,667,251.16","1,703,634.67","1,727,030.49","1,750,092.82","1,759,028.74","1,782,038.73","1,803,808.01","1,843,867.80","1,872,883.26","1,876,656.24","1,902,482.35","1,930,168.13","1,929,934.46","1,943,261.04","1,947,129.80","1,896,808.91","1,840,469.60","1,882,567.06","1,942,163.45","1,998,349.02","2,056,195.28","2,050,006.30","2,061,028.82","2,069,571.54","2,116,333.18","2,086,223.87","2,118,242.30","1,985,261.74","2,171,510.58","2,212,815.94","2,230,645.29","2,288,895.46","2,287,224.11","2,273,922.06","2,289,935.69","2,288,662.89","2,280,147.26","2,294,359.77","2,315,597.73","2,340,552.54","2,351,805.94","2,361,919.71","2,396,419.72","2,411,152.23","2,430,050.49","2,453,281.82","2,474,443.38","2,490,772.81","2,522,707.74","2,561,056.34","2,590,117.44","2,586,617.30","2,649,258.11","2,682,899.56","2,680,744.93","2,678,913.07","2,718,507.89","2,747,024.69","2,753,077.00","2,701,076.74","2,660,793.55","2,416,703.64","2,585,067.39","2,583,197.23","2,592,737.06","2,605,860.29","2,581,179.03","2,626,954.13","2,648,626.95","2,672,143.85","2,700,900.11","2,660,182.15",
"Türkiye, Rep of","National Accounts, Expenditure, Gross Domestic Product, Real, Seasonally Adjusted, Domestic Currency","192,563.40","191,029.55","188,341.62","187,854.40","184,687.51","183,646.40","180,548.99","185,942.75","188,871.07","196,224.52","199,146.92","202,007.93","191,654.76","182,370.93","184,653.83","181,546.29","188,404.36","196,536.67","199,222.28","203,472.96","203,643.06","204,327.97","210,153.79","216,506.77","222,469.98","227,649.75","230,217.03","233,952.26","244,737.35","245,770.53","249,240.74","257,482.64","260,431.16","268,364.21","266,342.13","272,358.03","277,323.34","277,408.02","279,034.72","288,612.87","294,692.48","284,235.02","279,070.84","271,982.35","256,577.22","266,858.26","273,251.55","278,586.40","277,764.58","288,321.61","296,310.14","305,268.15","312,148.47","320,725.34","329,252.92","333,721.91","330,752.54","336,466.38","342,404.32","347,892.69","358,085.55","368,598.14","374,001.70","374,726.63","385,597.73","379,341.77","388,666.69","393,904.20","401,351.94","407,467.62","413,178.34","417,999.58","419,510.81","425,513.53","413,311.19","436,083.03","442,052.42","452,132.63","458,986.59","467,628.21","474,496.47","477,616.38","469,841.10","454,880.82","463,422.52","475,322.28","473,644.83","479,707.05","483,781.33","433,604.73","501,460.91","506,899.99","520,163.84","530,540.88","544,942.32","553,528.64","556,791.22","567,227.23","566,519.91",,
Ukraine,"National Accounts, Expenditure, Gross Domestic Product, Real, Seasonally Adjusted, Domestic Currency",,,,,,,,,,,,,,,,,,,,,,,,,,,,,,,,,,,,,,,,,,,,,,,,,"637,921.00","650,103.00","657,348.00","667,679.00","678,523.00","682,111.00","696,391.00","698,843.00","692,896.00","695,428.00","686,828.00","687,294.00","687,711.00","684,325.00","676,186.00","713,485.00","686,462.00","658,830.00","629,582.00","605,870.00","588,382.00","577,835.00","581,418.00","580,893.00","589,562.00","593,357.00","597,910.00","604,538.00","603,557.00","607,868.00","613,768.00","616,468.00","624,264.00","627,852.00","632,823.00","641,896.00","648,411.00","655,846.00","655,404.00","648,020.00","647,239.00","591,842.00","635,372.00","635,367.00","641,106.00","649,922.00","657,434.00","647,837.00",,,,,
United Kingdom,"National Accounts, Expenditure, Gross Domestic Product, Real, Seasonally Adjusted, Domestic Currency","376,761.00","378,766.00","379,906.00","382,282.00","385,025.00","386,581.00","393,078.00","398,776.00","403,407.00","406,049.00","408,120.00","409,871.00","413,381.00","414,894.00","416,803.00","417,480.00","418,930.00","421,133.00","424,190.00","427,745.00","430,454.00","434,140.00","438,419.00","441,827.00","443,792.00","446,140.00","447,205.00","448,619.00","451,985.00","456,263.00","460,177.00","464,981.00","466,584.00","467,684.00","468,351.00","470,396.00","475,292.00","478,424.00","482,064.00","485,249.00","487,601.00","485,278.00","477,935.00","467,250.00","458,181.00","456,867.00","457,471.00","459,031.00","463,391.00","468,691.00","471,664.00","472,312.00","473,510.00","473,773.00","474,501.00","474,303.00","478,242.00","477,974.00","483,913.00","483,422.00","484,555.00","487,845.00","491,499.00","494,658.00","499,294.00","503,659.00","507,485.00","510,787.00","512,895.00","516,141.00","518,365.00","522,194.00","524,102.00","527,401.00","529,730.00","533,173.00","537,114.00","539,994.00","542,780.00","546,185.00","547,003.00","549,491.00","552,545.00","553,966.00","557,458.00","558,071.00","561,480.00","561,339.00","546,515.00","431,794.00","503,509.00","509,621.00","504,255.00","537,175.00","546,487.00","554,821.00","557,524.00","557,810.00","557,286.00","558,005.00",
United States,"National Accounts, Expenditure, Gross Domestic Product, Real, Seasonally Adjusted, Domestic Currency","2,959,969.00","2,987,373.00","3,024,797.80","3,073,684.30","3,102,694.50","3,128,602.00","3,169,994.30","3,222,070.30","3,233,813.00","3,292,687.30","3,295,972.50","3,315,562.50","3,304,812.80","3,325,348.50","3,312,035.50","3,321,220.30","3,348,727.50","3,369,339.00","3,382,935.30","3,387,355.30","3,404,858.50","3,435,276.80","3,492,539.30","3,532,844.80","3,553,085.00","3,580,754.30","3,614,458.00","3,651,398.80","3,691,961.50","3,709,926.80","3,739,072.80","3,760,308.00","3,811,022.00","3,820,381.30","3,826,129.30","3,858,410.80","3,869,739.00","3,894,444.80","3,917,901.30","3,941,786.50","3,925,726.50","3,948,193.30","3,927,390.50","3,841,651.80","3,796,868.80","3,790,443.00","3,804,161.80","3,844,788.80","3,864,014.80","3,901,407.00","3,931,570.50","3,951,998.80","3,942,477.80","3,969,209.80","3,967,671.00","4,012,175.50","4,044,992.00","4,063,431.50","4,070,537.80","4,075,008.80","4,110,371.30","4,116,100.50","4,148,685.80","4,178,190.00","4,163,561.80","4,217,027.30","4,266,154.00","4,285,308.80","4,320,161.80","4,345,218.80","4,359,270.00","4,365,644.80","4,391,366.30","4,404,645.30","4,431,122.30","4,453,140.00","4,472,273.50","4,494,804.50","4,531,998.50","4,577,575.00","4,609,281.80","4,641,424.30","4,674,937.00","4,683,435.30","4,708,852.80","4,740,543.80","4,782,733.00","4,803,922.80","4,747,469.30","4,344,678.00","4,685,930.00","4,731,065.50","4,804,056.00","4,886,062.00","4,918,148.50","5,001,545.30","4,981,022.00","4,973,817.80","5,013,665.80","5,045,622.80","5,058,969.50"
